SeneddID,Name,Party,CategoryCaption,CategoryID,EntryInRespectOf,EntrySubject
5107,Vikki Howells,Welsh Labour,1. Category 1: Directorships,1,None,None
5107,Vikki Howells,Welsh Labour,"2. Category 2: Remunerated employment, office, profession etc",2,None,None
5107,Vikki Howells,Welsh Labour,3. Category 3: Names of clients,3,None,None
5107,Vikki Howells,Welsh Labour,"4. Category 4: Gifts, hospitality, material benefit or advantage",4,None,None
5107,Vikki Howells,Welsh Labour,5. Category 5: Remuneration or other material benefit,5,None,None
5107,Vikki Howells,Welsh Labour,6. Category 6: Financial sponsorship,6,Candidate,All costs relating to 2021 Senedd election were met by Cynon Valley Constituency Labour Party.
5107,Vikki Howells,Welsh Labour,7. Category 7: Overseas visits,7,None,None
5107,Vikki Howells,Welsh Labour,8. Category 8: Land and property,8,None,None
5107,Vikki Howells,Welsh Labour,9. Category 9: Shareholdings,9,None,None
5107,Vikki Howells,Welsh Labour,10. Category 10:Membership/Chairmanship of bodies in receipt of Senedd funds,10,Member,Member - Bevan Foundation
5107,Vikki Howells,Welsh Labour,10. Category 10:Membership/Chairmanship of bodies in receipt of Senedd funds,10,Member,Member - Co-operative Party
5107,Vikki Howells,Welsh Labour,10. Category 10:Membership/Chairmanship of bodies in receipt of Senedd funds,10,Member,Member - GMB
5107,Vikki Howells,Welsh Labour,10. Category 10:Membership/Chairmanship of bodies in receipt of Senedd funds,10,Member,Member - USDAW
5107,Vikki Howells,Welsh Labour,10. Category 10:Membership/Chairmanship of bodies in receipt of Senedd funds,10,Member,Member - Cynon Valley Museum
5107,Vikki Howells,Welsh Labour,10. Category 10:Membership/Chairmanship of bodies in receipt of Senedd funds,10,Member,Patron - Mountain Ash and District Choral Society
5107,Vikki Howells,Welsh Labour,10. Category 10:Membership/Chairmanship of bodies in receipt of Senedd funds,10,Member,Patron - Friends of Aberdare Park (ceased on 10 October 2024)
5107,Vikki Howells,Welsh Labour,10. Category 10:Membership/Chairmanship of bodies in receipt of Senedd funds,10,Member,Trustee -  Rees Llewellyn Scholarship Fund (ceased on 20 September 2024)
5107,Vikki Howells,Welsh Labour,11. Record of membership of societies,11,NA,President - Friends R Us
5107,Vikki Howells,Welsh Labour,11. Record of membership of societies,11,NA,Vice-President - Cwmbach Male Voice Choir
5107,Vikki Howells,Welsh Labour,11. Record of membership of societies,11,NA,Member - Cynon Valley History Society
5107,Vikki Howells,Welsh Labour,11. Record of membership of societies,11,NA,Member - Governing body of Park Lane School (ceased on 20 September 2024)
5107,Vikki Howells,Welsh Labour,11. Record of membership of societies,11,NA,Member - Llafur - Welsh People's History Society
5107,Vikki Howells,Welsh Labour,12. Record of the employment of family members,12,None,None
543,Altaf Hussain,Welsh Conservative,1. Category 1: Directorships,1,None,None
543,Altaf Hussain,Welsh Conservative,"2. Category 2: Remunerated employment, office, profession etc",2,Member,"Councillor, Pen y Fai Ward - Bridgend County Borough Council (SO 4.3 - Band 2 - Between 5 hours and 20 hours per week). Part-time and received £14,217.96 pay with £2,843.40 deducted in tax up to 5 April 2021. (ceased on 5 May 2022)"
543,Altaf Hussain,Welsh Conservative,3. Category 3: Names of clients,3,None,None
543,Altaf Hussain,Welsh Conservative,"4. Category 4: Gifts, hospitality, material benefit or advantage",4,Member and spouse,Tickets and hospitality for Ospreys v. Leicester Tigers rugby match on 11 December 2022 from BT Group.
543,Altaf Hussain,Welsh Conservative,"4. Category 4: Gifts, hospitality, material benefit or advantage",4,Member,Tickets and hospitality for the Women's Six Nations Wales v Ireland match on 25 March 2023 provided by the Wales Rugby Union.
543,Altaf Hussain,Welsh Conservative,5. Category 5: Remuneration or other material benefit,5,None,None
543,Altaf Hussain,Welsh Conservative,6. Category 6: Financial sponsorship,6,Candidate,Senedd election expenses met by the Welsh Conservative Party.
543,Altaf Hussain,Welsh Conservative,7. Category 7: Overseas visits,7,None,None
543,Altaf Hussain,Welsh Conservative,8. Category 8: Land and property,8,None,None
543,Altaf Hussain,Welsh Conservative,9. Category 9: Shareholdings,9,None,None
543,Altaf Hussain,Welsh Conservative,10. Category 10:Membership/Chairmanship of bodies in receipt of Senedd funds,10,Member,President - South Wales West Regional Conservative Party
543,Altaf Hussain,Welsh Conservative,10. Category 10:Membership/Chairmanship of bodies in receipt of Senedd funds,10,Member,"Councillor – Newcastle Higher Community Council, Pen Y Fai, Bridgend (ceased on 5 May 2022)"
543,Altaf Hussain,Welsh Conservative,10. Category 10:Membership/Chairmanship of bodies in receipt of Senedd funds,10,Member,"Governor – Church in Wales Primary School, Pen y Fai, Bridgend (ceased on 5 May 2022)"
543,Altaf Hussain,Welsh Conservative,10. Category 10:Membership/Chairmanship of bodies in receipt of Senedd funds,10,Member,"Councillor, Pen y Fai Ward, Bridgend County Borough Council, Bridgend (ceased on 5 May 2022)"
543,Altaf Hussain,Welsh Conservative,10. Category 10:Membership/Chairmanship of bodies in receipt of Senedd funds,10,Member,"Chairman Board of Trustees - Brynawel Rehab House, Llanharan (ceased on December 2021)"
543,Altaf Hussain,Welsh Conservative,10. Category 10:Membership/Chairmanship of bodies in receipt of Senedd funds,10,Member,Member - Bridgend Community Health Council (ceased)
543,Altaf Hussain,Welsh Conservative,10. Category 10:Membership/Chairmanship of bodies in receipt of Senedd funds,10,Member,Member - Cwm Taf Morgannwg Community Health Council (ceased)
543,Altaf Hussain,Welsh Conservative,10. Category 10:Membership/Chairmanship of bodies in receipt of Senedd funds,10,Member,"Trustee - Brynawel Rehab House, Llanharan (ceased on 22 December 2022)"
543,Altaf Hussain,Welsh Conservative,10. Category 10:Membership/Chairmanship of bodies in receipt of Senedd funds,10,Member,"Patron - Brynawel Rehab House, Llanharan"
543,Altaf Hussain,Welsh Conservative,11. Record of membership of societies,11,NA,Member - British Indian Orthopaedic Society
543,Altaf Hussain,Welsh Conservative,12. Record of the employment of family members,12,Name: Abigail Mainon,Capacity in which employed: Development Officer in Member’s regional office
543,Altaf Hussain,Welsh Conservative,12. Record of the employment of family members,12,Family Member of: Tom Giffard,Date employment commenced: 24 September 2025
543,Altaf Hussain,Welsh Conservative,12. Record of the employment of family members,12,Relationship to the MS: Partner,Contracted hours: 14.8
156,Jane Hutt,Welsh Labour,1. Category 1: Directorships,1,None,None
156,Jane Hutt,Welsh Labour,"2. Category 2: Remunerated employment, office, profession etc",2,None,None
156,Jane Hutt,Welsh Labour,3. Category 3: Names of clients,3,None,None
156,Jane Hutt,Welsh Labour,"4. Category 4: Gifts, hospitality, material benefit or advantage",4,None,None
156,Jane Hutt,Welsh Labour,5. Category 5: Remuneration or other material benefit,5,None,None
156,Jane Hutt,Welsh Labour,6. Category 6: Financial sponsorship,6,Candidate,"£14,197.67 from the Vale of Glamorgan Constituency Labour Party."
156,Jane Hutt,Welsh Labour,7. Category 7: Overseas visits,7,None,None
156,Jane Hutt,Welsh Labour,8. Category 8: Land and property,8,None,None
156,Jane Hutt,Welsh Labour,9. Category 9: Shareholdings,9,None,None
156,Jane Hutt,Welsh Labour,10. Category 10:Membership/Chairmanship of bodies in receipt of Senedd funds,10,Member,Honorary President - Barry First Responders
156,Jane Hutt,Welsh Labour,10. Category 10:Membership/Chairmanship of bodies in receipt of Senedd funds,10,Spouse,"Unpaid Director - 2025 Public Services, Cardiff University"
156,Jane Hutt,Welsh Labour,10. Category 10:Membership/Chairmanship of bodies in receipt of Senedd funds,10,Spouse,Member - National Committee of Citizens Advice Cymru
156,Jane Hutt,Welsh Labour,10. Category 10:Membership/Chairmanship of bodies in receipt of Senedd funds,10,Member,Patron - Wales for Africa Health Links (ceased)
156,Jane Hutt,Welsh Labour,10. Category 10:Membership/Chairmanship of bodies in receipt of Senedd funds,10,Member,Patron - Credit Unions Wales (ceased)
156,Jane Hutt,Welsh Labour,10. Category 10:Membership/Chairmanship of bodies in receipt of Senedd funds,10,Member,Member - Soroptimists International (Barry and District)
156,Jane Hutt,Welsh Labour,11. Record of membership of societies,11,NA,None
156,Jane Hutt,Welsh Labour,12. Record of the employment of family members,12,None,None
5053,Huw Irranca-Davies,Welsh Labour,1. Category 1: Directorships,1,None,None
5053,Huw Irranca-Davies,Welsh Labour,"2. Category 2: Remunerated employment, office, profession etc",2,Spouse,Employed as a Radiographer for Powys Local Health Board and Swansea Bay University Health Board
5053,Huw Irranca-Davies,Welsh Labour,"2. Category 2: Remunerated employment, office, profession etc",2,Member,Occasional survey work of no more than one hour once a month (SO 4.3 - Band 1 - Less than 5 hours per week) (ceased)
5053,Huw Irranca-Davies,Welsh Labour,3. Category 3: Names of clients,3,None,None
5053,Huw Irranca-Davies,Welsh Labour,"4. Category 4: Gifts, hospitality, material benefit or advantage",4,None,None
5053,Huw Irranca-Davies,Welsh Labour,5. Category 5: Remuneration or other material benefit,5,None,None
5053,Huw Irranca-Davies,Welsh Labour,6. Category 6: Financial sponsorship,6,Member,"All 2021 Senedd election expenses met by Ogmore Constituency Labour Party, with donations from GMB, Unite Wales, Co-operative Party, J Joshi, R Joshi and S Joshi and individual party members and supporters"
5053,Huw Irranca-Davies,Welsh Labour,7. Category 7: Overseas visits,7,None,None
5053,Huw Irranca-Davies,Welsh Labour,8. Category 8: Land and property,8,Member and Spouse,Joint ownership of a residential property in the Swansea area from which rental income is derived
5053,Huw Irranca-Davies,Welsh Labour,9. Category 9: Shareholdings,9,None,None
5053,Huw Irranca-Davies,Welsh Labour,10. Category 10:Membership/Chairmanship of bodies in receipt of Senedd funds,10,Member,Member of SERA Executive - Labour's Environmental Campaign organisation (ceased)
5053,Huw Irranca-Davies,Welsh Labour,10. Category 10:Membership/Chairmanship of bodies in receipt of Senedd funds,10,Member,Patron – Brynawel Rehab
5053,Huw Irranca-Davies,Welsh Labour,10. Category 10:Membership/Chairmanship of bodies in receipt of Senedd funds,10,Member,President - Ogmore Valley Silver Band
5053,Huw Irranca-Davies,Welsh Labour,10. Category 10:Membership/Chairmanship of bodies in receipt of Senedd funds,10,Member,President - Garw Valley Ladies Choir
5053,Huw Irranca-Davies,Welsh Labour,10. Category 10:Membership/Chairmanship of bodies in receipt of Senedd funds,10,Member,President - Ogmore Valley Male Voice Choir
5053,Huw Irranca-Davies,Welsh Labour,10. Category 10:Membership/Chairmanship of bodies in receipt of Senedd funds,10,Member,Vice President - Maesteg Amateur Operatic Society
5053,Huw Irranca-Davies,Welsh Labour,10. Category 10:Membership/Chairmanship of bodies in receipt of Senedd funds,10,Member,Joint membership - Friends of Côr Bro Ogwr
5053,Huw Irranca-Davies,Welsh Labour,10. Category 10:Membership/Chairmanship of bodies in receipt of Senedd funds,10,Member,Vice President - Y BONT
5053,Huw Irranca-Davies,Welsh Labour,10. Category 10:Membership/Chairmanship of bodies in receipt of Senedd funds,10,Member,Patron - Maesteg RFC
5053,Huw Irranca-Davies,Welsh Labour,10. Category 10:Membership/Chairmanship of bodies in receipt of Senedd funds,10,Member,Patron - Maesteg Gleemen MVC
5053,Huw Irranca-Davies,Welsh Labour,10. Category 10:Membership/Chairmanship of bodies in receipt of Senedd funds,10,Member,Honorary Member - Ogmore Valley Community Regeneration Association (OVCRA)
5053,Huw Irranca-Davies,Welsh Labour,10. Category 10:Membership/Chairmanship of bodies in receipt of Senedd funds,10,Member,Vice President - Ramblers Cymru (ceased)
5053,Huw Irranca-Davies,Welsh Labour,10. Category 10:Membership/Chairmanship of bodies in receipt of Senedd funds,10,Member,President - Cor Meibion Maesteg a'r Cylch
5053,Huw Irranca-Davies,Welsh Labour,10. Category 10:Membership/Chairmanship of bodies in receipt of Senedd funds,10,Member,Patron - Mid Glamorgan Mixed Choir
5053,Huw Irranca-Davies,Welsh Labour,10. Category 10:Membership/Chairmanship of bodies in receipt of Senedd funds,10,Member,Member - Bevan Foundation
5053,Huw Irranca-Davies,Welsh Labour,10. Category 10:Membership/Chairmanship of bodies in receipt of Senedd funds,10,Member,Honorary associate - British Veterinary Association
5053,Huw Irranca-Davies,Welsh Labour,10. Category 10:Membership/Chairmanship of bodies in receipt of Senedd funds,10,Member,Patron - UK Friends Bereaved Families Forum
5053,Huw Irranca-Davies,Welsh Labour,10. Category 10:Membership/Chairmanship of bodies in receipt of Senedd funds,10,Member,Vice President - Nantymoel Boys and Girls Club
5053,Huw Irranca-Davies,Welsh Labour,10. Category 10:Membership/Chairmanship of bodies in receipt of Senedd funds,10,Member,Chair - Co-operative Assembly Group (ceased)
5053,Huw Irranca-Davies,Welsh Labour,10. Category 10:Membership/Chairmanship of bodies in receipt of Senedd funds,10,Member,Trustee - Caerau Men's Shed (ceased)
5053,Huw Irranca-Davies,Welsh Labour,10. Category 10:Membership/Chairmanship of bodies in receipt of Senedd funds,10,Member,Chair - Strategic Forum on Regional Investment in Wales (SFRIW) (ceased)
5053,Huw Irranca-Davies,Welsh Labour,10. Category 10:Membership/Chairmanship of bodies in receipt of Senedd funds,10,Member,Patron - Caeau Men's Shed
5053,Huw Irranca-Davies,Welsh Labour,10. Category 10:Membership/Chairmanship of bodies in receipt of Senedd funds,10,Member,Chair - Review of National Coastal Path Group (ceased)
5053,Huw Irranca-Davies,Welsh Labour,10. Category 10:Membership/Chairmanship of bodies in receipt of Senedd funds,10,Member,Patron - Community Furniture Aid
5053,Huw Irranca-Davies,Welsh Labour,10. Category 10:Membership/Chairmanship of bodies in receipt of Senedd funds,10,Member,President - Maesteg 200
5053,Huw Irranca-Davies,Welsh Labour,11. Record of membership of societies,11,NA,Member - Co-operative Party
5053,Huw Irranca-Davies,Welsh Labour,11. Record of membership of societies,11,NA,Member - Fabians
5053,Huw Irranca-Davies,Welsh Labour,11. Record of membership of societies,11,NA,Member - GMB
5053,Huw Irranca-Davies,Welsh Labour,11. Record of membership of societies,11,NA,Honorary Member - Maesteg Rotary Club
5053,Huw Irranca-Davies,Welsh Labour,11. Record of membership of societies,11,NA,Member - UNITE
5053,Huw Irranca-Davies,Welsh Labour,11. Record of membership of societies,11,NA,Member - SERA
5053,Huw Irranca-Davies,Welsh Labour,12. Record of the employment of family members,12,None,None
157,Mark Isherwood,Welsh Conservative,1. Category 1: Directorships,1,None,None
157,Mark Isherwood,Welsh Conservative,"2. Category 2: Remunerated employment, office, profession etc",2,Spouse,Employed by Mark Isherwood MS as a Constituency Assistant (5 hours per week)
157,Mark Isherwood,Welsh Conservative,3. Category 3: Names of clients,3,None,None
157,Mark Isherwood,Welsh Conservative,"4. Category 4: Gifts, hospitality, material benefit or advantage",4,None,None
157,Mark Isherwood,Welsh Conservative,5. Category 5: Remuneration or other material benefit,5,None,None
157,Mark Isherwood,Welsh Conservative,6. Category 6: Financial sponsorship,6,Member,2021 election expenses met by the Member or the Welsh Conservative Party
157,Mark Isherwood,Welsh Conservative,7. Category 7: Overseas visits,7,None,None
157,Mark Isherwood,Welsh Conservative,8. Category 8: Land and property,8,None,None
157,Mark Isherwood,Welsh Conservative,9. Category 9: Shareholdings,9,None,None
157,Mark Isherwood,Welsh Conservative,10. Category 10:Membership/Chairmanship of bodies in receipt of Senedd funds,10,Member,Vice President – North Wales Disability Resources Centre
157,Mark Isherwood,Welsh Conservative,10. Category 10:Membership/Chairmanship of bodies in receipt of Senedd funds,10,Member,Patron – British Association of Social Workers
157,Mark Isherwood,Welsh Conservative,10. Category 10:Membership/Chairmanship of bodies in receipt of Senedd funds,10,Member,Ambassador – Clwyd Girl Guides
157,Mark Isherwood,Welsh Conservative,10. Category 10:Membership/Chairmanship of bodies in receipt of Senedd funds,10,Member,Vice President – North Wales Play
157,Mark Isherwood,Welsh Conservative,10. Category 10:Membership/Chairmanship of bodies in receipt of Senedd funds,10,Member,Vice Patron – RORO sailing project
157,Mark Isherwood,Welsh Conservative,10. Category 10:Membership/Chairmanship of bodies in receipt of Senedd funds,10,Member,Member – Glyndŵr University Court
157,Mark Isherwood,Welsh Conservative,10. Category 10:Membership/Chairmanship of bodies in receipt of Senedd funds,10,Member,Member – North Wales Wildlife Trust
157,Mark Isherwood,Welsh Conservative,10. Category 10:Membership/Chairmanship of bodies in receipt of Senedd funds,10,Member,Patron – Centre of Sign-Sight-Sound (previously North Wales Deaf Association)
157,Mark Isherwood,Welsh Conservative,10. Category 10:Membership/Chairmanship of bodies in receipt of Senedd funds,10,Member,President - Networking for World Awareness of Multicultural Integration (NWAMI)
157,Mark Isherwood,Welsh Conservative,10. Category 10:Membership/Chairmanship of bodies in receipt of Senedd funds,10,Member,Vice President – Boys and Girls Clubs for Wales
157,Mark Isherwood,Welsh Conservative,10. Category 10:Membership/Chairmanship of bodies in receipt of Senedd funds,10,Member,Trustee – FNF Both Parents Matter Cymru
157,Mark Isherwood,Welsh Conservative,10. Category 10:Membership/Chairmanship of bodies in receipt of Senedd funds,10,Member,Patron – FDF Centre for Independent Living
157,Mark Isherwood,Welsh Conservative,10. Category 10:Membership/Chairmanship of bodies in receipt of Senedd funds,10,Member,Patron - Policy Forum for Wales
157,Mark Isherwood,Welsh Conservative,10. Category 10:Membership/Chairmanship of bodies in receipt of Senedd funds,10,Member,Member - Buddies Autism Club
157,Mark Isherwood,Welsh Conservative,10. Category 10:Membership/Chairmanship of bodies in receipt of Senedd funds,10,Member,Conwy Citizens Advice Bureau
157,Mark Isherwood,Welsh Conservative,10. Category 10:Membership/Chairmanship of bodies in receipt of Senedd funds,10,Member,Honorary Member - Wrexham-Bidston Rail Users Association
157,Mark Isherwood,Welsh Conservative,10. Category 10:Membership/Chairmanship of bodies in receipt of Senedd funds,10,Member,Honorary Associate Member – British Veterinary Association
157,Mark Isherwood,Welsh Conservative,10. Category 10:Membership/Chairmanship of bodies in receipt of Senedd funds,10,Member,Ambassador - National Trading Standards Scams Team
157,Mark Isherwood,Welsh Conservative,10. Category 10:Membership/Chairmanship of bodies in receipt of Senedd funds,10,Member,Subscriber - Bevan Foundation
157,Mark Isherwood,Welsh Conservative,10. Category 10:Membership/Chairmanship of bodies in receipt of Senedd funds,10,Member,Institute of Welsh Affairs
157,Mark Isherwood,Welsh Conservative,10. Category 10:Membership/Chairmanship of bodies in receipt of Senedd funds,10,Member,Honorary Member - Flint and Holywell Rotary Club
157,Mark Isherwood,Welsh Conservative,10. Category 10:Membership/Chairmanship of bodies in receipt of Senedd funds,10,Member,Patron - British Polio Fellowship
157,Mark Isherwood,Welsh Conservative,10. Category 10:Membership/Chairmanship of bodies in receipt of Senedd funds,10,Member,Patron - Enbarr Foundation CIC and its ‘Clock Tower’ John Summers project.
157,Mark Isherwood,Welsh Conservative,10. Category 10:Membership/Chairmanship of bodies in receipt of Senedd funds,10,Member,Patron - Your Space (Marches)
157,Mark Isherwood,Welsh Conservative,11. Record of membership of societies,11,NA,Member - North Wales Business Club
157,Mark Isherwood,Welsh Conservative,11. Record of membership of societies,11,NA,Member - North East Wales Heritage Forum
157,Mark Isherwood,Welsh Conservative,11. Record of membership of societies,11,NA,Member - Senedd Representative - Commonwealth Parliamentarians with Disabilities network
157,Mark Isherwood,Welsh Conservative,12. Record of the employment of family members,12,Name: Hilary Isherwood,Capacity in which employed: Constituency Caseworker
157,Mark Isherwood,Welsh Conservative,12. Record of the employment of family members,12,Family member of: Mark Isherwood MS,Date employment commenced: 2 May 2003
157,Mark Isherwood,Welsh Conservative,12. Record of the employment of family members,12,Relationship to MS: Wife,Hours contracted to work: 5 hours per week
8687,Joel James,Welsh Conservative,1. Category 1: Directorships,1,Member,Bossa Nova Beers Ltd (company incorporated in 2014 and is currently dormant)
8687,Joel James,Welsh Conservative,"2. Category 2: Remunerated employment, office, profession etc",2,Member,County Councillor for Rhondda Cynon Taf County Borough Council (SO 4.3 - Band 2: Between 5 and 20 hours a week) (ceased)
8687,Joel James,Welsh Conservative,"2. Category 2: Remunerated employment, office, profession etc",2,Member,Community Councillor for Llantwit Fardre Community Council (SO 4.3 - Band 2: Between 5 and 20 hours a week)
8687,Joel James,Welsh Conservative,3. Category 3: Names of clients,3,None,None
8687,Joel James,Welsh Conservative,"4. Category 4: Gifts, hospitality, material benefit or advantage",4,None,None
8687,Joel James,Welsh Conservative,5. Category 5: Remuneration or other material benefit,5,None,None
8687,Joel James,Welsh Conservative,6. Category 6: Financial sponsorship,6,Member,2021 Senedd election expenses were met by the Welsh Conservative Party
8687,Joel James,Welsh Conservative,6. Category 6: Financial sponsorship,6,Member,Donation of £500 from Dan Clayton Jones given on the 3 July 2025 for the Member's re-election campaign
8687,Joel James,Welsh Conservative,6. Category 6: Financial sponsorship,6,Member,Monthly financial donation of £50 a month since December 2024 from Lee Gonzalez for the Member's re-election campaign.
8687,Joel James,Welsh Conservative,6. Category 6: Financial sponsorship,6,Member,Donation of £3500 from Cardiff North & West Conservative Association given on the 22 November 2025 for the Member's re-election campaign
8687,Joel James,Welsh Conservative,7. Category 7: Overseas visits,7,None,None
8687,Joel James,Welsh Conservative,8. Category 8: Land and property,8,None,None
8687,Joel James,Welsh Conservative,9. Category 9: Shareholdings,9,None,None
8687,Joel James,Welsh Conservative,10. Category 10:Membership/Chairmanship of bodies in receipt of Senedd funds,10,Member,School Governor - Maesybryn Primary School (ceased)
8687,Joel James,Welsh Conservative,10. Category 10:Membership/Chairmanship of bodies in receipt of Senedd funds,10,Member,Chairman and Trustee - Efail Isaf Village Hall Management Committee (Chairmanship ceased on 26 January 2025) (Trusteeship ceased on 11 September 2025)
8687,Joel James,Welsh Conservative,10. Category 10:Membership/Chairmanship of bodies in receipt of Senedd funds,10,Member,Member - Newtown Llantwit Communal Facilities Association
8687,Joel James,Welsh Conservative,10. Category 10:Membership/Chairmanship of bodies in receipt of Senedd funds,10,Member,Trustee - Christmas Evan John Fund
8687,Joel James,Welsh Conservative,10. Category 10:Membership/Chairmanship of bodies in receipt of Senedd funds,10,Member,Member - Llafur: Welsh People's History Society
8687,Joel James,Welsh Conservative,10. Category 10:Membership/Chairmanship of bodies in receipt of Senedd funds,10,Member,Member - Rhondda Tunnel Society
8687,Joel James,Welsh Conservative,11. Record of membership of societies,11,NA,Member - Rhondda Cynon Taf Conservative Federation
8687,Joel James,Welsh Conservative,11. Record of membership of societies,11,NA,Member - Chartered Institute of Library and Information Professionals (ceased)
8687,Joel James,Welsh Conservative,11. Record of membership of societies,11,NA,Member - British Association for Shooting and Conservation
8687,Joel James,Welsh Conservative,11. Record of membership of societies,11,NA,Member - Cardiff North and West Conservative Federation
8687,Joel James,Welsh Conservative,12. Record of the employment of family members,12,None,None
584,Julie James,Welsh Labour,1. Category 1: Directorships,1,Spouse,Director of Flattout Design Limited (electronic engineering design)
584,Julie James,Welsh Labour,"2. Category 2: Remunerated employment, office, profession etc",2,None,None
584,Julie James,Welsh Labour,3. Category 3: Names of clients,3,None,None
584,Julie James,Welsh Labour,"4. Category 4: Gifts, hospitality, material benefit or advantage",4,None,None
584,Julie James,Welsh Labour,5. Category 5: Remuneration or other material benefit,5,None,None
584,Julie James,Welsh Labour,6. Category 6: Financial sponsorship,6,None,None
584,Julie James,Welsh Labour,7. Category 7: Overseas visits,7,None,None
584,Julie James,Welsh Labour,8. Category 8: Land and property,8,None,None
584,Julie James,Welsh Labour,9. Category 9: Shareholdings,9,None,None
584,Julie James,Welsh Labour,10. Category 10:Membership/Chairmanship of bodies in receipt of Senedd funds,10,Member,RSPB
584,Julie James,Welsh Labour,10. Category 10:Membership/Chairmanship of bodies in receipt of Senedd funds,10,Member,National Trust
584,Julie James,Welsh Labour,10. Category 10:Membership/Chairmanship of bodies in receipt of Senedd funds,10,Member,World Wide Fund for Nature (WWF)
584,Julie James,Welsh Labour,10. Category 10:Membership/Chairmanship of bodies in receipt of Senedd funds,10,Member,Woodland Trust
584,Julie James,Welsh Labour,10. Category 10:Membership/Chairmanship of bodies in receipt of Senedd funds,10,Member,Aberglasney Gardens
584,Julie James,Welsh Labour,10. Category 10:Membership/Chairmanship of bodies in receipt of Senedd funds,10,Member,Amnesty international
584,Julie James,Welsh Labour,10. Category 10:Membership/Chairmanship of bodies in receipt of Senedd funds,10,Member,Greenpeace
584,Julie James,Welsh Labour,10. Category 10:Membership/Chairmanship of bodies in receipt of Senedd funds,10,Member,Royal Horticultural Society
584,Julie James,Welsh Labour,11. Record of membership of societies,11,NA,None
584,Julie James,Welsh Labour,12. Record of the employment of family members,12,Name: Oliver James-Flatt,Capacity in which employed: Press and Communications Officer
584,Julie James,Welsh Labour,12. Record of the employment of family members,12,Family Member of: Julie James MS,Date which employment commenced: 21 August 2019
584,Julie James,Welsh Labour,12. Record of the employment of family members,12,Relationship to MS: Son,Hours contracted to work: 30
5207,Delyth Jewell,Plaid Cymru,1. Category 1: Directorships,1,None,None
5207,Delyth Jewell,Plaid Cymru,"2. Category 2: Remunerated employment, office, profession etc",2,None,None
5207,Delyth Jewell,Plaid Cymru,3. Category 3: Names of clients,3,None,None
5207,Delyth Jewell,Plaid Cymru,"4. Category 4: Gifts, hospitality, material benefit or advantage",4,Member,Two tickets to an opera performance in the Wales Millenium Centre on 19 March 2022 from the Welsh National Opera
5207,Delyth Jewell,Plaid Cymru,"4. Category 4: Gifts, hospitality, material benefit or advantage",4,Member,Two tickets worth £70 each to attend the BBC Cardiff Singer of the World final in St David's Hall from BBC Wales
5207,Delyth Jewell,Plaid Cymru,"4. Category 4: Gifts, hospitality, material benefit or advantage",4,Member,"Hotel accommodation for one night paid for by the Oxford Union, after I had given a speech there"
5207,Delyth Jewell,Plaid Cymru,"4. Category 4: Gifts, hospitality, material benefit or advantage",4,Member,"Two tickets to a performance of Playing Burton in November 2025, provided by the Welsh National Theatre"
5207,Delyth Jewell,Plaid Cymru,5. Category 5: Remuneration or other material benefit,5,None,None
5207,Delyth Jewell,Plaid Cymru,6. Category 6: Financial sponsorship,6,Candidate,All 2021 election costs paid for by Plaid Cymru
5207,Delyth Jewell,Plaid Cymru,7. Category 7: Overseas visits,7,None,None
5207,Delyth Jewell,Plaid Cymru,8. Category 8: Land and property,8,None,None
5207,Delyth Jewell,Plaid Cymru,9. Category 9: Shareholdings,9,None,None
5207,Delyth Jewell,Plaid Cymru,10. Category 10:Membership/Chairmanship of bodies in receipt of Senedd funds,10,Member,Member - BBC National Chorus of Wales (the Member sings as a member of the choir)
5207,Delyth Jewell,Plaid Cymru,11. Record of membership of societies,11,NA,Member of Caerphilly Miners' Centre for the Community
5207,Delyth Jewell,Plaid Cymru,12. Record of the employment of family members,12,None,None
162,Rt. Hon. Elin Jones,Plaid Cymru,1. Category 1: Directorships,1,Member,Trustee of the National Eisteddfod (S.O. 4.3 - Band 1 - Less than 5 hours a week)
162,Rt. Hon. Elin Jones,Plaid Cymru,"2. Category 2: Remunerated employment, office, profession etc",2,Partner,Editor of Radio Wales and Head of Sport at BBC Wales
162,Rt. Hon. Elin Jones,Plaid Cymru,3. Category 3: Names of clients,3,None,None
162,Rt. Hon. Elin Jones,Plaid Cymru,"4. Category 4: Gifts, hospitality, material benefit or advantage",4,Member,"Ticket and hospitality from S4C to the men’s rugby match: Wales v South Africa, November 2024"
162,Rt. Hon. Elin Jones,Plaid Cymru,"4. Category 4: Gifts, hospitality, material benefit or advantage",4,Member,Ticket and hospitality to the 2025 Wales v England men's 6 nations rugby match from BBC Wales
162,Rt. Hon. Elin Jones,Plaid Cymru,5. Category 5: Remuneration or other material benefit,5,None,None
162,Rt. Hon. Elin Jones,Plaid Cymru,6. Category 6: Financial sponsorship,6,Candidate,All 2021 election costs in Ceredigion were paid by Plaid Cymru.
162,Rt. Hon. Elin Jones,Plaid Cymru,7. Category 7: Overseas visits,7,None,None
162,Rt. Hon. Elin Jones,Plaid Cymru,8. Category 8: Land and property,8,None,None
162,Rt. Hon. Elin Jones,Plaid Cymru,9. Category 9: Shareholdings,9,Member,"Shares in Tafarn y Vale, Ystrad Aeron, Ceredigion, a community company that will own a pub."
162,Rt. Hon. Elin Jones,Plaid Cymru,10. Category 10:Membership/Chairmanship of bodies in receipt of Senedd funds,10,Member,"Chair - Ceredigion Committee, National Eisteddfod (ceased)"
162,Rt. Hon. Elin Jones,Plaid Cymru,10. Category 10:Membership/Chairmanship of bodies in receipt of Senedd funds,10,Member,Vice-president - YFC Wales
162,Rt. Hon. Elin Jones,Plaid Cymru,10. Category 10:Membership/Chairmanship of bodies in receipt of Senedd funds,10,Member,Honorary Associate - British Veterinary Association
162,Rt. Hon. Elin Jones,Plaid Cymru,10. Category 10:Membership/Chairmanship of bodies in receipt of Senedd funds,10,Member,Member - Women’s Peace Petition Project Management Group (ceased)
162,Rt. Hon. Elin Jones,Plaid Cymru,11. Record of membership of societies,11,NA,None
162,Rt. Hon. Elin Jones,Plaid Cymru,12. Record of the employment of family members,12,None,None
4562,Laura Anne Jones,Reform UK,1. Category 1: Directorships,1,None,None
4562,Laura Anne Jones,Reform UK,"2. Category 2: Remunerated employment, office, profession etc",2,Member,County Councillor for Monmouthshire County Council - (SO 4.3 - Band 2: Between 5 hours and 20 hours a week). Standing down in May 2022 (ceased on 5 May 2022)
4562,Laura Anne Jones,Reform UK,3. Category 3: Names of clients,3,None,None
4562,Laura Anne Jones,Reform UK,"4. Category 4: Gifts, hospitality, material benefit or advantage",4,Member,Tickets to Wimbledon from the Lawn Tennis Association in July 2022
4562,Laura Anne Jones,Reform UK,"4. Category 4: Gifts, hospitality, material benefit or advantage",4,Member,Tickets to Wimbledon from from the Lawn Tennis Association in July 2023
4562,Laura Anne Jones,Reform UK,"4. Category 4: Gifts, hospitality, material benefit or advantage",4,Member,Hospitality ticket to Wales v Finland football match from the Football Association of Wales.
4562,Laura Anne Jones,Reform UK,"4. Category 4: Gifts, hospitality, material benefit or advantage",4,Member,Hospitality ticket to Wales v Poland football match from S4C.
4562,Laura Anne Jones,Reform UK,5. Category 5: Remuneration or other material benefit,5,None,None
4562,Laura Anne Jones,Reform UK,6. Category 6: Financial sponsorship,6,Candidate,2021 election expenses met by Welsh Conservative Party.
4562,Laura Anne Jones,Reform UK,7. Category 7: Overseas visits,7,Member,1 February 2024 – 14 February 2024 – The Falklands Islands - To meet the Falkland Islands Government and Legislative Assembly and to learn about the challenges and future of the islands. To promote the links between Wales and the Falkland Islands and to learn more about Wales's contribution to the history and culture of the islands. All costs covered by the Falkland Islands Government.
4562,Laura Anne Jones,Reform UK,8. Category 8: Land and property,8,None,None
4562,Laura Anne Jones,Reform UK,9. Category 9: Shareholdings,9,None,None
4562,Laura Anne Jones,Reform UK,10. Category 10:Membership/Chairmanship of bodies in receipt of Senedd funds,10,Member,Member - Raglan Golf Club
4562,Laura Anne Jones,Reform UK,11. Record of membership of societies,11,NA,None
4562,Laura Anne Jones,Reform UK,12. Record of the employment of family members,12,None,None
8642,Samuel Kurtz,Welsh Conservative,1. Category 1: Directorships,1,Member,Director - Wales Federation of Young Farmers Clubs (SO 4.3 - Band 1 – Less than 5 hours per week) (directorship ceased on 5 November 2022)
8642,Samuel Kurtz,Welsh Conservative,"2. Category 2: Remunerated employment, office, profession etc",2,Member,"Councillor - Pembrokeshire County Council (SO 4.3 - Band 1: Less than 5 hours per week) (Councillor salary donated to local groups, charities and organisations) (ceased on 5 May 2022)"
8642,Samuel Kurtz,Welsh Conservative,"2. Category 2: Remunerated employment, office, profession etc",2,Member,One-off payment of £35 for the writing of a magazine article - Barn magazine (SO 4.3 - Band 1: Less than 5 hours per week)
8642,Samuel Kurtz,Welsh Conservative,"2. Category 2: Remunerated employment, office, profession etc",2,Member,"General survey completion on an occasional basis for various political market research companies, all money donated to charity (SO 4.3 - Band 1: Less than 5 hours per week)"
8642,Samuel Kurtz,Welsh Conservative,3. Category 3: Names of clients,3,None,None
8642,Samuel Kurtz,Welsh Conservative,"4. Category 4: Gifts, hospitality, material benefit or advantage",4,Member,Ticket and hospitality for Wales v Kazakhstan on 17 September 2021 from Football Association Wales
8642,Samuel Kurtz,Welsh Conservative,"4. Category 4: Gifts, hospitality, material benefit or advantage",4,Member,Wales v New Zealand ticket and hospitality from S4C
8642,Samuel Kurtz,Welsh Conservative,"4. Category 4: Gifts, hospitality, material benefit or advantage",4,Member,Ticket and hospitality for Wales v. Belgium world cup qualifier on 14 November 2021 from BT
8642,Samuel Kurtz,Welsh Conservative,"4. Category 4: Gifts, hospitality, material benefit or advantage",4,Member,Ticket for Wales v Scotland Six Nations match on 12 February 2022 and pre and post-match hospitality
8642,Samuel Kurtz,Welsh Conservative,"4. Category 4: Gifts, hospitality, material benefit or advantage",4,Member,Ticket and hospitality for England v South Africa T20 international cricket on 28 July 2022 from Cricket Wales/Chance to Shine
8642,Samuel Kurtz,Welsh Conservative,"4. Category 4: Gifts, hospitality, material benefit or advantage",4,Member,Hospitality package including Scarlets v Glasgow match tickets and meal worth £175 from BT and Scarlets RFC on 29 April 2023
8642,Samuel Kurtz,Welsh Conservative,"4. Category 4: Gifts, hospitality, material benefit or advantage",4,Member,Hospitality and match ticket worth £399 for the England v Australia 20:20 cricket international on 13 September 2024 from Associated British Ports
8642,Samuel Kurtz,Welsh Conservative,"4. Category 4: Gifts, hospitality, material benefit or advantage",4,Member,Match ticket and hospitality for the Scarlets v Zebre match on 25th October from The Scarlets.
8642,Samuel Kurtz,Welsh Conservative,5. Category 5: Remuneration or other material benefit,5,Member,"Payment of £80 made for guest appearance on Beti a’i Phobol Radio show, broadcast 13 January 2022 by BBC Radio Cymru."
8642,Samuel Kurtz,Welsh Conservative,6. Category 6: Financial sponsorship,6,Member,All expenses for 2021 Senedd election paid by Welsh Conservative Party
8642,Samuel Kurtz,Welsh Conservative,6. Category 6: Financial sponsorship,6,Member,Sponsorship of Christmas card competition 2024 by Castell Howell ltd
8642,Samuel Kurtz,Welsh Conservative,6. Category 6: Financial sponsorship,6,Member,Sponsorship from Templeton Beer Wine and Spirit Co for the 2025 best local pub competition
8642,Samuel Kurtz,Welsh Conservative,7. Category 7: Overseas visits,7,None,None
8642,Samuel Kurtz,Welsh Conservative,8. Category 8: Land and property,8,None,None
8642,Samuel Kurtz,Welsh Conservative,9. Category 9: Shareholdings,9,None,None
8642,Samuel Kurtz,Welsh Conservative,10. Category 10:Membership/Chairmanship of bodies in receipt of Senedd funds,10,Member,Honorary Member of the British Veterinary Association (complimentary)
8642,Samuel Kurtz,Welsh Conservative,11. Record of membership of societies,11,NA,Member - Vice Chairman - Pembrokeshire Young Farmers Club (ceased)
8642,Samuel Kurtz,Welsh Conservative,11. Record of membership of societies,11,NA,Member - Chairman - Pembrokeshire Young Farmers Club (ceased)
8642,Samuel Kurtz,Welsh Conservative,11. Record of membership of societies,11,NA,Member - Pembroke County Cricket Club
8642,Samuel Kurtz,Welsh Conservative,11. Record of membership of societies,11,NA,Member - Fishguard and Goodwick CCC
8642,Samuel Kurtz,Welsh Conservative,11. Record of membership of societies,11,NA,Member - Fishguard and Goodwick RFC
8642,Samuel Kurtz,Welsh Conservative,11. Record of membership of societies,11,NA,Member - Letterston AFC
8642,Samuel Kurtz,Welsh Conservative,12. Record of the employment of family members,12,None,None
5021,Jeremy Miles,Welsh Labour,1. Category 1: Directorships,1,None,None
5021,Jeremy Miles,Welsh Labour,"2. Category 2: Remunerated employment, office, profession etc",2,None,None
5021,Jeremy Miles,Welsh Labour,3. Category 3: Names of clients,3,None,None
5021,Jeremy Miles,Welsh Labour,"4. Category 4: Gifts, hospitality, material benefit or advantage",4,Member,One ticket to Neath v Bargoed rugby championship final at the Principality Stadium on 24 April 2022 from Chairman of Neath RFC
5021,Jeremy Miles,Welsh Labour,"4. Category 4: Gifts, hospitality, material benefit or advantage",4,Member,Two tickets and hospitality to Wales v Ukraine football match on 5 June 2022 from BT
5021,Jeremy Miles,Welsh Labour,"4. Category 4: Gifts, hospitality, material benefit or advantage",4,Member,"One ticket and hospitality for Swansea City v Luton on 20 August 2022 from LCV Group, Skewen, Neath"
5021,Jeremy Miles,Welsh Labour,5. Category 5: Remuneration or other material benefit,5,None,None
5021,Jeremy Miles,Welsh Labour,6. Category 6: Financial sponsorship,6,Candidate,"All 2021 Senedd election campaign expenses met by Neath Constituency Labour Party including donations from GMB (£1500), UNITE (£1750), CWU (£200), Co-Operative Party (£700), LGBT Labour (£100)"
5021,Jeremy Miles,Welsh Labour,6. Category 6: Financial sponsorship,6,Member,"Donations for Labour leadership campaign from: Mahaboob Basha, Trosol (translation business), David Flatt, Barry Lynch, Selena Booth, Barry Evans, Ian Morgan, Susan Griffiths, James Hadley (ceased), Kate Little, Matthew Gearing, Clive Jones, Liz Herbert McAvoy, Duraseal E W I Ltd (civil engineering company), Lancehawk (telecommunications company), Sanjiv Joshi, Robert Fellows, Dr Ahmed Salamat, use of office space from Low Cost Vans ltd - 18 December 2023 to 16 March 2024, Sabeel Shamsudeen, Sevenoaks Modular Ltd (timber frame manufacturers), Cashmere UK Ltd (property leasing company)."
5021,Jeremy Miles,Welsh Labour,7. Category 7: Overseas visits,7,None,None
5021,Jeremy Miles,Welsh Labour,8. Category 8: Land and property,8,Member,Jointly owns a residential tenanted property in Swansea.
5021,Jeremy Miles,Welsh Labour,9. Category 9: Shareholdings,9,None,None
5021,Jeremy Miles,Welsh Labour,10. Category 10:Membership/Chairmanship of bodies in receipt of Senedd funds,10,Member,Member - Bevan Foundation
5021,Jeremy Miles,Welsh Labour,10. Category 10:Membership/Chairmanship of bodies in receipt of Senedd funds,10,Member,Member - Celtic Credit Union
5021,Jeremy Miles,Welsh Labour,10. Category 10:Membership/Chairmanship of bodies in receipt of Senedd funds,10,Member,Member - GMB
5021,Jeremy Miles,Welsh Labour,10. Category 10:Membership/Chairmanship of bodies in receipt of Senedd funds,10,Member,Member - UNITE
5021,Jeremy Miles,Welsh Labour,10. Category 10:Membership/Chairmanship of bodies in receipt of Senedd funds,10,Member,Member and patron of Resolven Building Blocks
5021,Jeremy Miles,Welsh Labour,10. Category 10:Membership/Chairmanship of bodies in receipt of Senedd funds,10,Member,Patron of Neath YMCA
5021,Jeremy Miles,Welsh Labour,10. Category 10:Membership/Chairmanship of bodies in receipt of Senedd funds,10,Member,Honorary President of Pontardawe Royal British Legion
5021,Jeremy Miles,Welsh Labour,10. Category 10:Membership/Chairmanship of bodies in receipt of Senedd funds,10,Member,Honorary Patron of Neath Little Theatre
5021,Jeremy Miles,Welsh Labour,10. Category 10:Membership/Chairmanship of bodies in receipt of Senedd funds,10,Member,Patron of LGBT Labour
5021,Jeremy Miles,Welsh Labour,10. Category 10:Membership/Chairmanship of bodies in receipt of Senedd funds,10,Member,Honorary Vice President and Member of Neath Antiquarian Society
5021,Jeremy Miles,Welsh Labour,10. Category 10:Membership/Chairmanship of bodies in receipt of Senedd funds,10,Member,Member - Unison
5021,Jeremy Miles,Welsh Labour,11. Record of membership of societies,11,NA,Member - Neath Port Talbot Credit Union
5021,Jeremy Miles,Welsh Labour,11. Record of membership of societies,11,NA,Member - My Green Valley
5021,Jeremy Miles,Welsh Labour,12. Record of the employment of family members,12,None,None
171,Darren Millar,Welsh Conservative,1. Category 1: Directorships,1,Member,The Evan Roberts Institute - Registered Charity (Band 1: Less than 5 hours per week)
171,Darren Millar,Welsh Conservative,1. Category 1: Directorships,1,Member,Member Assemblies of God Incorporated (Band 1: Less than 5 hours per week) (ceased on 26 September 2022)
171,Darren Millar,Welsh Conservative,1. Category 1: Directorships,1,Member,European Parliamentary Prayer Breakfast Foundation - Charity registered in Belgium (Band 1: Less than 5 hours per week) - appointed 4 December 2024.
171,Darren Millar,Welsh Conservative,"2. Category 2: Remunerated employment, office, profession etc",2,Spouse,Care for the Family (Charity)
171,Darren Millar,Welsh Conservative,"2. Category 2: Remunerated employment, office, profession etc",2,Spouse,Spouse is employed by Darren Millar MS as a part-time administrator and caseworker (ceased on 31 August 2021)
171,Darren Millar,Welsh Conservative,"2. Category 2: Remunerated employment, office, profession etc",2,Member,Management role - The Pocket Testament League UK (charitable organisation) for 7 hours per week on average (Band 2: Between 5 hours and 20 hours per week) (ceased on 31 August 2025)
171,Darren Millar,Welsh Conservative,"2. Category 2: Remunerated employment, office, profession etc",2,Spouse,Management role - The Pocket Testament League UK (charitable organisation)
171,Darren Millar,Welsh Conservative,3. Category 3: Names of clients,3,None,None
171,Darren Millar,Welsh Conservative,"4. Category 4: Gifts, hospitality, material benefit or advantage",4,Member,"Gold cross necklace and silver plaque from His Beatitude Theophilos III, Patriarch of the Holy City of Jerusalem and All Palestine (gifts presented during a private audience with His Beatitude on the 2 June 2023)"
171,Darren Millar,Welsh Conservative,"4. Category 4: Gifts, hospitality, material benefit or advantage",4,Member,Tickets and hospitality for Member and family for RGC v Bridgend rugby game at Parc Eirias from RGC.
171,Darren Millar,Welsh Conservative,5. Category 5: Remuneration or other material benefit,5,None,None
171,Darren Millar,Welsh Conservative,6. Category 6: Financial sponsorship,6,Member,2021 election expenses met by the Welsh Conservative Association and Clwyd West Conservatives Association.
171,Darren Millar,Welsh Conservative,7. Category 7: Overseas visits,7,Member,"Jordan, Palestine, Israel from 26 May 2023 to 2 June 2023 - Meetings with politicians and Christian leaders in Amman, Bethlehem and Jerusalem - Costs of accommodation, meals and in country transport partially met by The Higher Presidential Committee of Churches Affairs in Palestine"
171,Darren Millar,Welsh Conservative,7. Category 7: Overseas visits,7,Member,7-11 April 2024 – Israel – parliamentary fact-finding delegation – costs covered by the European Leadership Network.
171,Darren Millar,Welsh Conservative,7. Category 7: Overseas visits,7,Member,USA from 2 - 8 February 2025 – To participate in the US National Prayer Breakfast and associated events. Part of the costs met by The Evan Roberts Institute.
171,Darren Millar,Welsh Conservative,7. Category 7: Overseas visits,7,Member,26 to 31 October 2025 - Israel - Parliamentary fact-finding delegation. Costs met by the Embassy of Israel in London
171,Darren Millar,Welsh Conservative,8. Category 8: Land and property,8,Member and Spouse,Residential property in Kinmel Bay jointly owned by Member and spouse.
171,Darren Millar,Welsh Conservative,8. Category 8: Land and property,8,Member and Spouse,Residential property in Cardiff jointly owned by Member and spouse.
171,Darren Millar,Welsh Conservative,8. Category 8: Land and property,8,Member and Spouse,1 residential property in Towyn part owned by Member and spouse.
171,Darren Millar,Welsh Conservative,9. Category 9: Shareholdings,9,None,None
171,Darren Millar,Welsh Conservative,10. Category 10:Membership/Chairmanship of bodies in receipt of Senedd funds,10,Member,Member - Bangor University Court
171,Darren Millar,Welsh Conservative,10. Category 10:Membership/Chairmanship of bodies in receipt of Senedd funds,10,Member,Patron - British Association of Social Workers (BASW) Cymru
171,Darren Millar,Welsh Conservative,10. Category 10:Membership/Chairmanship of bodies in receipt of Senedd funds,10,Member,Companion - Chartered Institute of Management
171,Darren Millar,Welsh Conservative,10. Category 10:Membership/Chairmanship of bodies in receipt of Senedd funds,10,Member,Member - Clocaenog Red Squirrels Trust
171,Darren Millar,Welsh Conservative,10. Category 10:Membership/Chairmanship of bodies in receipt of Senedd funds,10,Member and Spouse,Member - Evangelical Alliance
171,Darren Millar,Welsh Conservative,10. Category 10:Membership/Chairmanship of bodies in receipt of Senedd funds,10,Member and Family,Member - Festival Church
171,Darren Millar,Welsh Conservative,10. Category 10:Membership/Chairmanship of bodies in receipt of Senedd funds,10,Member,Member - Glyndŵr University Court
171,Darren Millar,Welsh Conservative,10. Category 10:Membership/Chairmanship of bodies in receipt of Senedd funds,10,Member,Fellow - Institute of Leadership and Management
171,Darren Millar,Welsh Conservative,10. Category 10:Membership/Chairmanship of bodies in receipt of Senedd funds,10,Member,Member - National Residential Landlords Association
171,Darren Millar,Welsh Conservative,10. Category 10:Membership/Chairmanship of bodies in receipt of Senedd funds,10,Member,Member - Reserve Forces and Cadets Association for Wales (ceased on 11 February 2025)
171,Darren Millar,Welsh Conservative,10. Category 10:Membership/Chairmanship of bodies in receipt of Senedd funds,10,Member,"Fellow - Royal Society for the encouragement of Arts, Manufacturing and Governance"
171,Darren Millar,Welsh Conservative,10. Category 10:Membership/Chairmanship of bodies in receipt of Senedd funds,10,Member,Member - Ruthin and District Civic Society
171,Darren Millar,Welsh Conservative,10. Category 10:Membership/Chairmanship of bodies in receipt of Senedd funds,10,Member,"Governor - St Brigid's School, Denbigh (ceased in July 2021)"
171,Darren Millar,Welsh Conservative,10. Category 10:Membership/Chairmanship of bodies in receipt of Senedd funds,10,Member and Spouse,Honorary Life Member - Welsh Mountain Zoo
171,Darren Millar,Welsh Conservative,10. Category 10:Membership/Chairmanship of bodies in receipt of Senedd funds,10,Member,Friend of Srebrenica - Remembering Srebrenica Wales
171,Darren Millar,Welsh Conservative,10. Category 10:Membership/Chairmanship of bodies in receipt of Senedd funds,10,Member,Honorary Member - Red Squirrels Trust Wales
171,Darren Millar,Welsh Conservative,10. Category 10:Membership/Chairmanship of bodies in receipt of Senedd funds,10,Member,Member - Capel: the Welsh Chapels Heritage Society
171,Darren Millar,Welsh Conservative,11. Record of membership of societies,11,NA,Colwyn Bay Rotary Club
171,Darren Millar,Welsh Conservative,11. Record of membership of societies,11,NA,Rhos-on-Sea Cricket Club
171,Darren Millar,Welsh Conservative,11. Record of membership of societies,11,NA,"National Club, London"
171,Darren Millar,Welsh Conservative,11. Record of membership of societies,11,NA,Conservative Friends of the Commonwealth
171,Darren Millar,Welsh Conservative,11. Record of membership of societies,11,NA,Conservative Friends of Israel
171,Darren Millar,Welsh Conservative,11. Record of membership of societies,11,NA,Friend of the Royal Welch Fusiliers Museum
171,Darren Millar,Welsh Conservative,12. Record of the employment of family members,12,Name: Rebekah Millar,Capacity in which employed: Research Assistant and Administrator (ceased on 31 August 2021)
171,Darren Millar,Welsh Conservative,12. Record of the employment of family members,12,Family member of: Darren Millar MS,Date employment commenced: 5 November 2007
171,Darren Millar,Welsh Conservative,12. Record of the employment of family members,12,Relationship to MS: Wife,Hours contracted to work: 22.2 hours per week
171,Darren Millar,Welsh Conservative,12. Record of the employment of family members,12,Name: Natasha Rowlands,Capacity in which employed: Caseworker
171,Darren Millar,Welsh Conservative,12. Record of the employment of family members,12,Family member of: Sam Rowlands MS,Date employment commenced: 24 May 2021
171,Darren Millar,Welsh Conservative,12. Record of the employment of family members,12,Relationship to MS: Wife,Hours contracted to work: 24 hours per week (from 1 October 2022) (previously 22.2 hours per week from May 2021)
4970,Eluned Morgan,Welsh Labour,1. Category 1: Directorships,1,None,None
4970,Eluned Morgan,Welsh Labour,"2. Category 2: Remunerated employment, office, profession etc",2,Member,Member of the House of Lords (SO4.3 - Band 1- less than 5 hours per week) (taken formal leave of absence)
4970,Eluned Morgan,Welsh Labour,"2. Category 2: Remunerated employment, office, profession etc",2,Spouse,GP (ceased)
4970,Eluned Morgan,Welsh Labour,3. Category 3: Names of clients,3,None,None
4970,Eluned Morgan,Welsh Labour,"4. Category 4: Gifts, hospitality, material benefit or advantage",4,None,None
4970,Eluned Morgan,Welsh Labour,5. Category 5: Remuneration or other material benefit,5,None,None
4970,Eluned Morgan,Welsh Labour,6. Category 6: Financial sponsorship,6,Candidate,2021 Senedd election expenses met by the Labour Party.
4970,Eluned Morgan,Welsh Labour,6. Category 6: Financial sponsorship,6,Candidate,"Support to finance postage and printing of internal selection leaflet - £3,500 sponsorship from Unite the Union."
4970,Eluned Morgan,Welsh Labour,6. Category 6: Financial sponsorship,6,Member,"The Port of Milford Haven met the costs of hospitality and the printing of a leaflet to accompany the launch of The City of Portraits exhibition at the Pierhead on 3 March 2025, an event sponsored by Eluned Morgan in her Senedd Member capacity."
4970,Eluned Morgan,Welsh Labour,7. Category 7: Overseas visits,7,None,None
4970,Eluned Morgan,Welsh Labour,8. Category 8: Land and property,8,None,None
4970,Eluned Morgan,Welsh Labour,9. Category 9: Shareholdings,9,None,None
4970,Eluned Morgan,Welsh Labour,10. Category 10:Membership/Chairmanship of bodies in receipt of Senedd funds,10,None,None
4970,Eluned Morgan,Welsh Labour,11. Record of membership of societies,11,NA,Member - Unite the Union
4970,Eluned Morgan,Welsh Labour,11. Record of membership of societies,11,NA,Member - Amnesty International
4970,Eluned Morgan,Welsh Labour,11. Record of membership of societies,11,NA,Member - European Movement
4970,Eluned Morgan,Welsh Labour,12. Record of the employment of family members,12,Name: Laura Murton,Capacity in which the employee is employed: Labour Group policy and coordination officer
4970,Eluned Morgan,Welsh Labour,12. Record of the employment of family members,12,Family Member of: Hannah Blythyn MS,Date which employment commenced: 24 July 2024
4970,Eluned Morgan,Welsh Labour,12. Record of the employment of family members,12,Relationship to MS: Spouse,Hours contracted to work: 37
245,Julie Morgan,Welsh Labour,1. Category 1: Directorships,1,None,None
245,Julie Morgan,Welsh Labour,"2. Category 2: Remunerated employment, office, profession etc",2,Member,"Independent lead of a review of the School Holiday Enrichment Programme (SHEP) (promoted to learners and families under the ‘Food and Fun’ brand identity) for the Welsh Government on how provision can be maximised during the summer holidays to ensure they are reaching those children and young people who need it most. The review is intended to focus on building on the success of the SHEP programme, enhancing what already works and considering how best to draw in a broader cohort of participants. A final report and recommendations to be presented to the Cabinet Secretary of Education. (SO 4.3 - Band 2: Between 5 hours and 20 hours a week)"
245,Julie Morgan,Welsh Labour,3. Category 3: Names of clients,3,None,None
245,Julie Morgan,Welsh Labour,"4. Category 4: Gifts, hospitality, material benefit or advantage",4,None,None
245,Julie Morgan,Welsh Labour,5. Category 5: Remuneration or other material benefit,5,None,None
245,Julie Morgan,Welsh Labour,6. Category 6: Financial sponsorship,6,Candidate,All Senedd 2021 election expenses met by Cardiff North CLP.
245,Julie Morgan,Welsh Labour,7. Category 7: Overseas visits,7,None,None
245,Julie Morgan,Welsh Labour,8. Category 8: Land and property,8,None,None
245,Julie Morgan,Welsh Labour,9. Category 9: Shareholdings,9,None,None
245,Julie Morgan,Welsh Labour,10. Category 10:Membership/Chairmanship of bodies in receipt of Senedd funds,10,None,None
245,Julie Morgan,Welsh Labour,11. Record of membership of societies,11,NA,Member - RSPB
245,Julie Morgan,Welsh Labour,11. Record of membership of societies,11,NA,Member - National Trust
245,Julie Morgan,Welsh Labour,11. Record of membership of societies,11,NA,Member - Unite the Union
245,Julie Morgan,Welsh Labour,11. Record of membership of societies,11,NA,Member - Unison
245,Julie Morgan,Welsh Labour,11. Record of membership of societies,11,NA,Member - The Co-operative Party
245,Julie Morgan,Welsh Labour,11. Record of membership of societies,11,NA,Trustee - Life for African Mothers (ceased on 4 July 2023)
245,Julie Morgan,Welsh Labour,11. Record of membership of societies,11,NA,Vice-President - City Hospice (ceased 16 October 2023)
245,Julie Morgan,Welsh Labour,11. Record of membership of societies,11,NA,Patron - Ethnic Minority Welsh Women Achievement Association (EMWWAA)
245,Julie Morgan,Welsh Labour,12. Record of the employment of family members,12,None,None
8594,Sarah Murphy,Welsh Labour,1. Category 1: Directorships,1,None,None
8594,Sarah Murphy,Welsh Labour,"2. Category 2: Remunerated employment, office, profession etc",2,Member,"General survey completion on an occasional basis, all money donated to charity (SO 4.3 - Band 1 - Less than 5 hours per week)"
8594,Sarah Murphy,Welsh Labour,"2. Category 2: Remunerated employment, office, profession etc",2,Member,Received a one-off payment of $200 (£163.32) on 30 November 2022 from Give Back Yoga Foundation for being a presenter at the online international Yoga and Recovery Symposium: Healing from addiction and eating disorders'. This is not ongoing work and was one presenting session of approximately 1.5 hours (S.O. 4.3 - Band 1 - Less than 5 hours per week)
8594,Sarah Murphy,Welsh Labour,3. Category 3: Names of clients,3,None,None
8594,Sarah Murphy,Welsh Labour,"4. Category 4: Gifts, hospitality, material benefit or advantage",4,None,None
8594,Sarah Murphy,Welsh Labour,5. Category 5: Remuneration or other material benefit,5,None,None
8594,Sarah Murphy,Welsh Labour,6. Category 6: Financial sponsorship,6,Candidate,"All 2021 Senedd election expenses paid by Bridgend Constituency Labour Party, including donations from Unison, GMB, The Communication Workers Union, Fire Brigades Union and Co-operative Party. Donations-in-kind received from Unite the Union and Community Union."
8594,Sarah Murphy,Welsh Labour,7. Category 7: Overseas visits,7,None,None
8594,Sarah Murphy,Welsh Labour,8. Category 8: Land and property,8,None,None
8594,Sarah Murphy,Welsh Labour,9. Category 9: Shareholdings,9,None,None
8594,Sarah Murphy,Welsh Labour,10. Category 10:Membership/Chairmanship of bodies in receipt of Senedd funds,10,Member,Member - Bridgend Lifesavers Credit Union
8594,Sarah Murphy,Welsh Labour,10. Category 10:Membership/Chairmanship of bodies in receipt of Senedd funds,10,Member,Member - Unite the Union
8594,Sarah Murphy,Welsh Labour,10. Category 10:Membership/Chairmanship of bodies in receipt of Senedd funds,10,Member,Member - Unison
8594,Sarah Murphy,Welsh Labour,10. Category 10:Membership/Chairmanship of bodies in receipt of Senedd funds,10,Member,Member - GMB Union
8594,Sarah Murphy,Welsh Labour,10. Category 10:Membership/Chairmanship of bodies in receipt of Senedd funds,10,Member,Member - CWU
8594,Sarah Murphy,Welsh Labour,10. Category 10:Membership/Chairmanship of bodies in receipt of Senedd funds,10,Member,Member - Co-operative Party
8594,Sarah Murphy,Welsh Labour,10. Category 10:Membership/Chairmanship of bodies in receipt of Senedd funds,10,Member,Member - Woodland Trust
8594,Sarah Murphy,Welsh Labour,10. Category 10:Membership/Chairmanship of bodies in receipt of Senedd funds,10,Member,"Member - Union of Shop, Distributive and Allied Workers"
8594,Sarah Murphy,Welsh Labour,10. Category 10:Membership/Chairmanship of bodies in receipt of Senedd funds,10,Member,Member - The Bevan Foundation
8594,Sarah Murphy,Welsh Labour,10. Category 10:Membership/Chairmanship of bodies in receipt of Senedd funds,10,Member,Vice-President - Porthcawl Male Choir
8594,Sarah Murphy,Welsh Labour,11. Record of membership of societies,11,NA,Rotary Bridgend
8594,Sarah Murphy,Welsh Labour,12. Record of the employment of family members,12,None,None
174,Lynne Neagle,Welsh Labour,1. Category 1: Directorships,1,None,None
174,Lynne Neagle,Welsh Labour,"2. Category 2: Remunerated employment, office, profession etc",2,Spouse,Political and Membership Officer Wales - Co-operative Party
174,Lynne Neagle,Welsh Labour,3. Category 3: Names of clients,3,None,None
174,Lynne Neagle,Welsh Labour,"4. Category 4: Gifts, hospitality, material benefit or advantage",4,Member,WRU Championship Cup Final Ystrad Rhondda v Pontypool RFC at the Principality Stadium on 23 April 2023 from Pontypool RFC (the value of the ticket was £10)
174,Lynne Neagle,Welsh Labour,"4. Category 4: Gifts, hospitality, material benefit or advantage",4,Member,"Member - £30 ticket to annual presentation dinner of Pontypool Rugby Football Club held at The Parkway Hotel, Cwmbran, on Friday 9 June 2023 from Pontypool Rugby Football Club"
174,Lynne Neagle,Welsh Labour,5. Category 5: Remuneration or other material benefit,5,None,None
174,Lynne Neagle,Welsh Labour,6. Category 6: Financial sponsorship,6,Candidate,"2021 Senedd election expenses met by Torfaen Constituency Labour Party, including donations from Unite the Union (£1,000) GMB Union (£1,500) and the Co-pperative Party (£350)."
174,Lynne Neagle,Welsh Labour,7. Category 7: Overseas visits,7,None,None
174,Lynne Neagle,Welsh Labour,8. Category 8: Land and property,8,None,None
174,Lynne Neagle,Welsh Labour,9. Category 9: Shareholdings,9,None,None
174,Lynne Neagle,Welsh Labour,10. Category 10:Membership/Chairmanship of bodies in receipt of Senedd funds,10,Member,Patron – Torfaen Opportunity Group
174,Lynne Neagle,Welsh Labour,10. Category 10:Membership/Chairmanship of bodies in receipt of Senedd funds,10,Member,Vice President – Torfaen Museum Trust
174,Lynne Neagle,Welsh Labour,10. Category 10:Membership/Chairmanship of bodies in receipt of Senedd funds,10,Member,Honorary Patron – Garnsychan Partnership
174,Lynne Neagle,Welsh Labour,10. Category 10:Membership/Chairmanship of bodies in receipt of Senedd funds,10,Member,Patron – Gwent Cancer Support (ceased)
174,Lynne Neagle,Welsh Labour,10. Category 10:Membership/Chairmanship of bodies in receipt of Senedd funds,10,Member,Patron – Gwent Cancer Support Young Persons Project (ceased)
174,Lynne Neagle,Welsh Labour,10. Category 10:Membership/Chairmanship of bodies in receipt of Senedd funds,10,Member,Member - The Co-operative Party
174,Lynne Neagle,Welsh Labour,10. Category 10:Membership/Chairmanship of bodies in receipt of Senedd funds,10,Member,Member - Unite the Union
174,Lynne Neagle,Welsh Labour,11. Record of membership of societies,11,NA,None
174,Lynne Neagle,Welsh Labour,12. Record of the employment of family members,12,None,None
8579,Peredur Owen Griffiths,Plaid Cymru,1. Category 1: Directorships,1,None,None
8579,Peredur Owen Griffiths,Plaid Cymru,"2. Category 2: Remunerated employment, office, profession etc",2,Spouse,"Communications Officer, Plaid Cymru"
8579,Peredur Owen Griffiths,Plaid Cymru,"2. Category 2: Remunerated employment, office, profession etc",2,Member,"Received £75 for one recording session for S4C's Dechrau Canu, Dechrau Canmol prgoramme as a member of a choir. This is not ongoing work - it was one session of approximately 5 hours (SO 4.3 -Band 1 - Less than 5 hours per week)"
8579,Peredur Owen Griffiths,Plaid Cymru,"2. Category 2: Remunerated employment, office, profession etc",2,Member,Received £55 from Tinopolis to cover travel and appearance on Pawb a'i Farn in Llanelli on 1 December 2022 (SO 4.3 - Band 1 - Less than 5 hours per week)
8579,Peredur Owen Griffiths,Plaid Cymru,3. Category 3: Names of clients,3,None,None
8579,Peredur Owen Griffiths,Plaid Cymru,"4. Category 4: Gifts, hospitality, material benefit or advantage",4,Member,Ticket to the Wales v France rugby match to sing the anthem on the pitch before the game with CF1 choir on 11 March 2022. Provided by the WRU through CF1 choir.
8579,Peredur Owen Griffiths,Plaid Cymru,"4. Category 4: Gifts, hospitality, material benefit or advantage",4,Member,Two tickets and hospitality to Dragons v Gloucester on 9 April 2022 from BT - guest was Member's support staff.
8579,Peredur Owen Griffiths,Plaid Cymru,"4. Category 4: Gifts, hospitality, material benefit or advantage",4,Member,Tickets for Bafta Cymru for the Member and his wife from Channel 4 - tickets for the event and the after-show party.
8579,Peredur Owen Griffiths,Plaid Cymru,"4. Category 4: Gifts, hospitality, material benefit or advantage",4,Member,Tickets for the Member and his wife to the recording of the Luke Evans Christmas Show in the ICC Wales from BBC Cymru (including a pre-recording drinks reception) on 10 November 2022.
8579,Peredur Owen Griffiths,Plaid Cymru,"4. Category 4: Gifts, hospitality, material benefit or advantage",4,Member and partner,Tickets for the BBC Cardiff Singer of the World.
8579,Peredur Owen Griffiths,Plaid Cymru,"4. Category 4: Gifts, hospitality, material benefit or advantage",4,Member,"Participated in the North American Festival of Wales in Lincoln, Nebraska on 29 August – 4 September 2023, organised by the Welsh North America Association. Took part in events and gave two seminars. Member was accompanied by his wife at the festival. Hospitality included hotel accommodation at the Marriott Cornhusker ($798.54), festival weekend passes ($160), tickets to the opening concert ($50), grand banquet tickets ($140), and grand concert tickets ($80). Total value of hospitality was $1228.54 (£986.03)."
8579,Peredur Owen Griffiths,Plaid Cymru,"4. Category 4: Gifts, hospitality, material benefit or advantage",4,Member and partner,"Tickets to a reception and concert by Catrin Finch and Aoife Ni Bhriain on 10 November 2023 in the Royal College of Music and Drama supplied by the Irish Consul, worth £22 each."
8579,Peredur Owen Griffiths,Plaid Cymru,"4. Category 4: Gifts, hospitality, material benefit or advantage",4,Member and partner,Tickets to the 25th anniversary celebration of Cardiff Muslim School worth £25 each from the trustees of the charity for my wife and me.
8579,Peredur Owen Griffiths,Plaid Cymru,"4. Category 4: Gifts, hospitality, material benefit or advantage",4,Member and partner,Two tickets for the Member and his wife to the Mothers Matter – Ball of Hope 2024 on 14 September 2024. Provided by Heledd Fychan MS.
8579,Peredur Owen Griffiths,Plaid Cymru,"4. Category 4: Gifts, hospitality, material benefit or advantage",4,Member and partner,Tickets for a reception and performance of the WNO's Marriage of Figaro at the WMC. Provided by the WNO.
8579,Peredur Owen Griffiths,Plaid Cymru,"4. Category 4: Gifts, hospitality, material benefit or advantage",4,Member,Accommodation at the WLGA Conference in Llandudno because I was a panellist for a main stage event with the Cabinet Secretary and others. A ticket as a guest at the evening dinner included.
8579,Peredur Owen Griffiths,Plaid Cymru,"4. Category 4: Gifts, hospitality, material benefit or advantage",4,Member,"Member participated in a conference organised by the Institute for Cultural Diplomacy in Edinburgh from 1-3 September 2025, giving a speech on the power of intercultural relationships. The organisers arranged flights, accommodation, meals and a series of speeches and events. The conference was held in Edinburgh Heriot Watt University, the Scottish Parliament and Edinburgh Castle."
8579,Peredur Owen Griffiths,Plaid Cymru,"4. Category 4: Gifts, hospitality, material benefit or advantage",4,Member,Tickets for the Wales vs Scotland Six Nations match to sing the anthem with Côr CF1 choir on 21 February 2026. Tickets provided by the WRU through the Côr CF1 choir.
8579,Peredur Owen Griffiths,Plaid Cymru,5. Category 5: Remuneration or other material benefit,5,None,None
8579,Peredur Owen Griffiths,Plaid Cymru,6. Category 6: Financial sponsorship,6,Candidate,All 2021 election costs were paid for by Plaid Cymru.
8579,Peredur Owen Griffiths,Plaid Cymru,7. Category 7: Overseas visits,7,Member,"26 May 2022 - Valencia, Spain - To participate in a four-day week summit alongside other politicians and experts - Paid for by the Vice-Ministry of Employment, Valencian Government."
8579,Peredur Owen Griffiths,Plaid Cymru,8. Category 8: Land and property,8,None,None
8579,Peredur Owen Griffiths,Plaid Cymru,9. Category 9: Shareholdings,9,None,None
8579,Peredur Owen Griffiths,Plaid Cymru,10. Category 10:Membership/Chairmanship of bodies in receipt of Senedd funds,10,Member,"Councillor and Member – Community Councillor for Trecenydd, Penyrheol and Energlyn (intending to stand down at the next election and has not received any financial benefit as a councillor since becoming a Member of the Senedd) (ceased in May 2022)"
8579,Peredur Owen Griffiths,Plaid Cymru,10. Category 10:Membership/Chairmanship of bodies in receipt of Senedd funds,10,Member,Governor at Ysgol Gymraeg Bro Teyrnon
8579,Peredur Owen Griffiths,Plaid Cymru,10. Category 10:Membership/Chairmanship of bodies in receipt of Senedd funds,10,Chair,Vice Chair – Eisteddfod yr Urdd Newport 2027 Executive Committee
8579,Peredur Owen Griffiths,Plaid Cymru,10. Category 10:Membership/Chairmanship of bodies in receipt of Senedd funds,10,Member,"Trustee of Menter Iaith Blaenau Gwent, Torfaen and Monmouth"
8579,Peredur Owen Griffiths,Plaid Cymru,11. Record of membership of societies,11,NA,None
8579,Peredur Owen Griffiths,Plaid Cymru,12. Record of the employment of family members,12,None,None
4651,Rhianon Passmore,Welsh Labour,1. Category 1: Directorships,1,None,None
4651,Rhianon Passmore,Welsh Labour,"2. Category 2: Remunerated employment, office, profession etc",2,None,None
4651,Rhianon Passmore,Welsh Labour,3. Category 3: Names of clients,3,None,None
4651,Rhianon Passmore,Welsh Labour,"4. Category 4: Gifts, hospitality, material benefit or advantage",4,None,None
4651,Rhianon Passmore,Welsh Labour,5. Category 5: Remuneration or other material benefit,5,None,None
4651,Rhianon Passmore,Welsh Labour,6. Category 6: Financial sponsorship,6,Candidate,£2000 donation for the Senedd election campaign from GMB union.
4651,Rhianon Passmore,Welsh Labour,7. Category 7: Overseas visits,7,None,None
4651,Rhianon Passmore,Welsh Labour,8. Category 8: Land and property,8,None,None
4651,Rhianon Passmore,Welsh Labour,9. Category 9: Shareholdings,9,None,None
4651,Rhianon Passmore,Welsh Labour,10. Category 10:Membership/Chairmanship of bodies in receipt of Senedd funds,10,None,None
4651,Rhianon Passmore,Welsh Labour,11. Record of membership of societies,11,NA,None
4651,Rhianon Passmore,Welsh Labour,12. Record of the employment of family members,12,None,None
5030,Adam Price,Plaid Cymru,1. Category 1: Directorships,1,None,None
5030,Adam Price,Plaid Cymru,"2. Category 2: Remunerated employment, office, profession etc",2,Member,Royalties for the book ‘Wales – the First and Final Colony’ by Y Lolfa Ltd
5030,Adam Price,Plaid Cymru,"2. Category 2: Remunerated employment, office, profession etc",2,Partner,Tribunal Judge in the Ministry of Justice
5030,Adam Price,Plaid Cymru,"2. Category 2: Remunerated employment, office, profession etc",2,Member,Received £600 from ITV Studios Limited & Lifted Entertainment for one recording session for Christmas University Challenge 2022 programme as a contestant. This is not ongoing work - it was one recording session of approximately 3 hours (SO 4.3 -Band 1 - Less than 5 hours per week)
5030,Adam Price,Plaid Cymru,3. Category 3: Names of clients,3,None,None
5030,Adam Price,Plaid Cymru,"4. Category 4: Gifts, hospitality, material benefit or advantage",4,Member,Hospitality and ticket offered by S4C for Cymru v South Africa game. The Member and a staff member attended.
5030,Adam Price,Plaid Cymru,"4. Category 4: Gifts, hospitality, material benefit or advantage",4,Member,Hospitality and ticket offered by BBC Cymru for Cymru v Australia game. The Member and a guest attended.
5030,Adam Price,Plaid Cymru,"4. Category 4: Gifts, hospitality, material benefit or advantage",4,Member,Hospitality and ticket offered by FAW for Cymru v Austria game on 24 March 2022 (FIFA World Cup Play-Off Semi-Final). The Member and a staff member attended.
5030,Adam Price,Plaid Cymru,"4. Category 4: Gifts, hospitality, material benefit or advantage",4,Member,Hospitality and ticket offered by FAW for Cymru v Ukraine (FIFA World Cup Play-Off Final) on 5 June 2022. The Member and a guest attended.
5030,Adam Price,Plaid Cymru,"4. Category 4: Gifts, hospitality, material benefit or advantage",4,Member,Pro bono legal advice provided by Cornerstone Barristers regarding the Elections and Elected Bodies (Wales) Bill.
5030,Adam Price,Plaid Cymru,5. Category 5: Remuneration or other material benefit,5,Member,£200 remuneration received from Silin for appearance as talking head on the BBC documentary on 100 years of Plaid Cymru.
5030,Adam Price,Plaid Cymru,6. Category 6: Financial sponsorship,6,Candidate,Election 2021 costs paid by Plaid Cymru Carmarthen East and Dinefwr constituency party
5030,Adam Price,Plaid Cymru,7. Category 7: Overseas visits,7,Member,"12 June 2022 - Catalonia - To take part in discussions under the theme, 'No stepping back: standing for democracy in the 21st century.' - Accommodation and connecting travel covered by Esquerra Republicana for Catalonia Progressive Forum."
5030,Adam Price,Plaid Cymru,7. Category 7: Overseas visits,7,Member,"Hospitality, accommodation and travel covered by the European Free Alliance for the EFA General Assembly (from 11 May 2022 to 14 May 2022)."
5030,Adam Price,Plaid Cymru,7. Category 7: Overseas visits,7,Member,"Two nights accommodation, train ticket to Strasbourg and refreshments covered by the European Free Alliance for the EFA Congress on 13 October 2023."
5030,Adam Price,Plaid Cymru,7. Category 7: Overseas visits,7,Member,9-10 November 2023 – Valencia – meeting with the European Free Alliance to discuss the situation of minority languages. Costs covered by the European Free Alliance.
5030,Adam Price,Plaid Cymru,7. Category 7: Overseas visits,7,Member,7 – 9 March 2024 – Brussels – European Free Alliance General Assembly. Costs covered by the European Free Alliance.
5030,Adam Price,Plaid Cymru,7. Category 7: Overseas visits,7,Member,20 – 22 September 2024 – visit to Bilbao to attend Eusko Alkartasuna meeting. Costs covered by the European Free Alliance and Eusko Alkartasuna.
5030,Adam Price,Plaid Cymru,8. Category 8: Land and property,8,Partner,"Two rental properties, London"
5030,Adam Price,Plaid Cymru,9. Category 9: Shareholdings,9,None,None
5030,Adam Price,Plaid Cymru,10. Category 10:Membership/Chairmanship of bodies in receipt of Senedd funds,10,None,None
5030,Adam Price,Plaid Cymru,11. Record of membership of societies,11,NA,None
5030,Adam Price,Plaid Cymru,12. Record of the employment of family members,12,Name: Angela Owen Griffiths,Capacity in which employed: Communications Officer for Plaid Cymru Senedd Group
5030,Adam Price,Plaid Cymru,12. Record of the employment of family members,12,Family Member of: Peredur Owen Griffiths,Date employment commenced: May 2020 (ceased on 16 May 2023)
5030,Adam Price,Plaid Cymru,12. Record of the employment of family members,12,Relationship to the MS: Spouse,Contracted hours: 37
241,Jenny Rathbone,Welsh Labour,1. Category 1: Directorships,1,None,None
241,Jenny Rathbone,Welsh Labour,"2. Category 2: Remunerated employment, office, profession etc",2,Partner,"Member of the Advisory Board - Bute Energy (Development of wind farms in Wales and CSR activities arising from any development). The business is exploring options in Powys, RCT and North Wales but no application has been submitted to date."
241,Jenny Rathbone,Welsh Labour,3. Category 3: Names of clients,3,None,None
241,Jenny Rathbone,Welsh Labour,"4. Category 4: Gifts, hospitality, material benefit or advantage",4,Member,Two tickets and hospitality for the Women's Six Nations Wales v Ireland match on 25 March 2023 provided by the Wales Rugby Union.
241,Jenny Rathbone,Welsh Labour,"4. Category 4: Gifts, hospitality, material benefit or advantage",4,Member,Flights and two nights in a hotel in order to speak at the International Conference on Climate Justice organised by the Centre for Educational Research and Innovation at Barcelona University.
241,Jenny Rathbone,Welsh Labour,5. Category 5: Remuneration or other material benefit,5,None,None
241,Jenny Rathbone,Welsh Labour,6. Category 6: Financial sponsorship,6,Candidate,All financial sponsorship of my 2021 election campaign was provided by Cardiff Central Constituency Labour Party.
241,Jenny Rathbone,Welsh Labour,7. Category 7: Overseas visits,7,None,None
241,Jenny Rathbone,Welsh Labour,8. Category 8: Land and property,8,Member,"Barn used as community centre and two acres of land, Llanfihangel GM, Conwy."
241,Jenny Rathbone,Welsh Labour,9. Category 9: Shareholdings,9,Member,"Awel Ltd, social enterprise renewable energy company"
241,Jenny Rathbone,Welsh Labour,9. Category 9: Shareholdings,9,Member,iShares PLC
241,Jenny Rathbone,Welsh Labour,9. Category 9: Shareholdings,9,Member,Siemens AG NPV
241,Jenny Rathbone,Welsh Labour,9. Category 9: Shareholdings,9,Member,Caledonia Investments PLC (ceased)
241,Jenny Rathbone,Welsh Labour,9. Category 9: Shareholdings,9,Member,IMPAX Environmental Mkts PLC
241,Jenny Rathbone,Welsh Labour,9. Category 9: Shareholdings,9,Member,Janus Henderson Investments Gbl Sustainable Equity I Inc
241,Jenny Rathbone,Welsh Labour,9. Category 9: Shareholdings,9,Member,JLEN Environmental Assets Group NPV (ceased)
241,Jenny Rathbone,Welsh Labour,9. Category 9: Shareholdings,9,Member,Renewables Infrastructure Group NPV (ceased)
241,Jenny Rathbone,Welsh Labour,9. Category 9: Shareholdings,9,Member,-
241,Jenny Rathbone,Welsh Labour,9. Category 9: Shareholdings,9,Member,Astrazeneca PLC (ceased)
241,Jenny Rathbone,Welsh Labour,9. Category 9: Shareholdings,9,Member,Pearson PLC
241,Jenny Rathbone,Welsh Labour,9. Category 9: Shareholdings,9,Member,Reckitt Benickser Group PLC
241,Jenny Rathbone,Welsh Labour,9. Category 9: Shareholdings,9,Member,Unilever PLC (ceased)
241,Jenny Rathbone,Welsh Labour,9. Category 9: Shareholdings,9,Member,Halma PLC
241,Jenny Rathbone,Welsh Labour,9. Category 9: Shareholdings,9,Member,Aberforth Smaller Co's Trust (ceased)
241,Jenny Rathbone,Welsh Labour,9. Category 9: Shareholdings,9,Member,BMO Investment Funds
241,Jenny Rathbone,Welsh Labour,9. Category 9: Shareholdings,9,Member,Henderson Smaller Cos Investment
241,Jenny Rathbone,Welsh Labour,9. Category 9: Shareholdings,9,Member,Troy Income and Growth Trust PLC
241,Jenny Rathbone,Welsh Labour,9. Category 9: Shareholdings,9,Member,Baillie Gifford
241,Jenny Rathbone,Welsh Labour,10. Category 10:Membership/Chairmanship of bodies in receipt of Senedd funds,10,Member,"Trustee - Eleanor Rathbone Charitable Trust (Management of charitable funds and disbursement of grants to charities, mainly on Merseyside) (Does not receive public funds)"
241,Jenny Rathbone,Welsh Labour,10. Category 10:Membership/Chairmanship of bodies in receipt of Senedd funds,10,Member,Voluntary Trustee - Good Food Llanedeyrn (not for profit charity) (Promotion of growing and eating good food)
241,Jenny Rathbone,Welsh Labour,10. Category 10:Membership/Chairmanship of bodies in receipt of Senedd funds,10,Member,"LEA Governor - St Teilo’s CiW School, Llanedeyrn"
241,Jenny Rathbone,Welsh Labour,11. Record of membership of societies,11,NA,Member - Welsh Fabian Society
241,Jenny Rathbone,Welsh Labour,11. Record of membership of societies,11,NA,Member - Welsh Cooperative Party
241,Jenny Rathbone,Welsh Labour,11. Record of membership of societies,11,NA,Member - UNITE the Union
241,Jenny Rathbone,Welsh Labour,11. Record of membership of societies,11,NA,Member - Welsh Jewish Cultural Centre
241,Jenny Rathbone,Welsh Labour,11. Record of membership of societies,11,NA,Member - Slow Food Cymru
241,Jenny Rathbone,Welsh Labour,12. Record of the employment of family members,12,None,None
205,David Rees,Welsh Labour,1. Category 1: Directorships,1,None,None
205,David Rees,Welsh Labour,"2. Category 2: Remunerated employment, office, profession etc",2,None,None
205,David Rees,Welsh Labour,3. Category 3: Names of clients,3,None,None
205,David Rees,Welsh Labour,"4. Category 4: Gifts, hospitality, material benefit or advantage",4,Member,Two tickets and hospitality to Wales v. Ireland Women’s Six Nations international from the WRU
205,David Rees,Welsh Labour,"4. Category 4: Gifts, hospitality, material benefit or advantage",4,Member,"Family VIP weekend ticket (two adults and two children) for the In It Together music festival in Margam from Escape records via Mr Adam Gore, which took place between 25 May 2023 and 28 May 2023 (value of £570 if purchased online)"
205,David Rees,Welsh Labour,"4. Category 4: Gifts, hospitality, material benefit or advantage",4,Member,Family ticket to In It Together music festival 2024 at Margam from Escape Records.
205,David Rees,Welsh Labour,"4. Category 4: Gifts, hospitality, material benefit or advantage",4,Member,Hospitality and tickets for Member and a guest provided by Associated British Ports to the Wales v Ireland Six Nations match on 22 February 2025.
205,David Rees,Welsh Labour,"4. Category 4: Gifts, hospitality, material benefit or advantage",4,Member,Family ticket to In It Together music festival 2025 from Escape Records
205,David Rees,Welsh Labour,"4. Category 4: Gifts, hospitality, material benefit or advantage",4,Member,Two tickets and hospitality to the Wales v Scotland Six Nations match on 21 February 2026 provided by Associated British Ports.
205,David Rees,Welsh Labour,5. Category 5: Remuneration or other material benefit,5,None,None
205,David Rees,Welsh Labour,6. Category 6: Financial sponsorship,6,Member,"2021 Senedd election expenses funded by Aberavon Constituency Labour Party, including donations from trade unions: Community, CWU, GMB, Unite, UNISON and a donation of office space from David Slee Ltd."
205,David Rees,Welsh Labour,7. Category 7: Overseas visits,7,None,None
205,David Rees,Welsh Labour,8. Category 8: Land and property,8,Member and spouse,"Residential property in Cwmafan, Port Talbot"
205,David Rees,Welsh Labour,9. Category 9: Shareholdings,9,None,None
205,David Rees,Welsh Labour,10. Category 10:Membership/Chairmanship of bodies in receipt of Senedd funds,10,Member,Member - Rhondda Tunnel Society
205,David Rees,Welsh Labour,10. Category 10:Membership/Chairmanship of bodies in receipt of Senedd funds,10,Member,Member - Bevan Foundation
205,David Rees,Welsh Labour,10. Category 10:Membership/Chairmanship of bodies in receipt of Senedd funds,10,Member,Member - University of Swansea Court
205,David Rees,Welsh Labour,11. Record of membership of societies,11,NA,Member - Aberavon RFC
205,David Rees,Welsh Labour,11. Record of membership of societies,11,NA,Member - Cwmafan RFC
205,David Rees,Welsh Labour,11. Record of membership of societies,11,NA,Member - Unite the Union
205,David Rees,Welsh Labour,11. Record of membership of societies,11,NA,Member - UNISON
205,David Rees,Welsh Labour,12. Record of the employment of family members,12,Name: Angharad Nia Thomas,Capacity in which employed: Researcher and Communications Officer (part-time)
205,David Rees,Welsh Labour,12. Record of the employment of family members,12,Family Member of: David Rees MS,Date employment commenced: 4 February 2013
205,David Rees,Welsh Labour,12. Record of the employment of family members,12,Relationship to MS: Daughter,Hours contracted to work: 7 per week
205,David Rees,Welsh Labour,12. Record of the employment of family members,12,-,Date employment ceased: 18 June 2021
8734,Sam Rowlands,Welsh Conservative,1. Category 1: Directorships,1,None,None
8734,Sam Rowlands,Welsh Conservative,"2. Category 2: Remunerated employment, office, profession etc",2,Member,Councillor - Conwy County Borough Council - (SO 4.3 - Band 2: Between 5 and 20 hours per week) (ceased on 5 May 2022)
8734,Sam Rowlands,Welsh Conservative,"2. Category 2: Remunerated employment, office, profession etc",2,Spouse,Member support staff for Darren Millar MS
8734,Sam Rowlands,Welsh Conservative,3. Category 3: Names of clients,3,None,None
8734,Sam Rowlands,Welsh Conservative,"4. Category 4: Gifts, hospitality, material benefit or advantage",4,None,None
8734,Sam Rowlands,Welsh Conservative,5. Category 5: Remuneration or other material benefit,5,None,None
8734,Sam Rowlands,Welsh Conservative,6. Category 6: Financial sponsorship,6,Candidate,2021 Senedd election expenses were met by the Welsh Conservative Party.
8734,Sam Rowlands,Welsh Conservative,7. Category 7: Overseas visits,7,Member,2 – 5 March 2024 – Israel – fact-finding visit. All costs covered by the Israel Allies Foundation.
8734,Sam Rowlands,Welsh Conservative,7. Category 7: Overseas visits,7,Member,7-11 April 2024 – Israel – parliamentary fact-finding delegation – costs covered by the European Leadership Network.
8734,Sam Rowlands,Welsh Conservative,8. Category 8: Land and property,8,Member and Spouse,Residential property in Abergele
8734,Sam Rowlands,Welsh Conservative,9. Category 9: Shareholdings,9,None,None
8734,Sam Rowlands,Welsh Conservative,10. Category 10:Membership/Chairmanship of bodies in receipt of Senedd funds,10,Member,Councillor - Abergele Town Council (ceased on 5 May 2022)
8734,Sam Rowlands,Welsh Conservative,10. Category 10:Membership/Chairmanship of bodies in receipt of Senedd funds,10,Member,"Local Education Authority (LEA) Representative - Emrys ap Iwan High School, Abergele (ceased on 5 May 2022)"
8734,Sam Rowlands,Welsh Conservative,10. Category 10:Membership/Chairmanship of bodies in receipt of Senedd funds,10,Member,Trustee - Gwrych Castle Preservation Trust (ceased on 11 November 2024)
8734,Sam Rowlands,Welsh Conservative,10. Category 10:Membership/Chairmanship of bodies in receipt of Senedd funds,10,Member,Trustee - Abergele Men’s Shed
8734,Sam Rowlands,Welsh Conservative,10. Category 10:Membership/Chairmanship of bodies in receipt of Senedd funds,10,Spouse,"School Governor - St George Controlled Primary School Primrose Hill, Abergele"
8734,Sam Rowlands,Welsh Conservative,10. Category 10:Membership/Chairmanship of bodies in receipt of Senedd funds,10,Member,"Trustee - North Coast Church, Towyn (ceased)"
8734,Sam Rowlands,Welsh Conservative,10. Category 10:Membership/Chairmanship of bodies in receipt of Senedd funds,10,Member,"Trustee - Alive Church, Prestatyn (ceased)"
8734,Sam Rowlands,Welsh Conservative,10. Category 10:Membership/Chairmanship of bodies in receipt of Senedd funds,10,Member,"Trustee - Festival Church, Chester (ceased)"
8734,Sam Rowlands,Welsh Conservative,10. Category 10:Membership/Chairmanship of bodies in receipt of Senedd funds,10,Member,Trustee - Festival Church Charitable Incorporate Organisation.
8734,Sam Rowlands,Welsh Conservative,10. Category 10:Membership/Chairmanship of bodies in receipt of Senedd funds,10,Member,Local Education Authority representative - St Brigid's School
8734,Sam Rowlands,Welsh Conservative,11. Record of membership of societies,11,NA,"Member - Member and Deputy Chairman, Welsh Conservative Party"
8734,Sam Rowlands,Welsh Conservative,12. Record of the employment of family members,12,Name: Tobias Millar,Capacity in which employed: Administrative assistant (ceased on 16 September 2022)
8734,Sam Rowlands,Welsh Conservative,12. Record of the employment of family members,12,Family member of: Darren Millar MS,Date employment commenced: 25 July 2022
8734,Sam Rowlands,Welsh Conservative,12. Record of the employment of family members,12,Relationship to MS: Son,Hours contracted to work: 22.2 hours per week
8734,Sam Rowlands,Welsh Conservative,12. Record of the employment of family members,12,Name: Tobias Millar,Capacity in which employed: Administrative assistant (ceased on 22 September 2023)
8734,Sam Rowlands,Welsh Conservative,12. Record of the employment of family members,12,Family member of: Darren Millar MS,Date employment commenced: 31 May 2023
8734,Sam Rowlands,Welsh Conservative,12. Record of the employment of family members,12,Relationship to MS: Son,Hours contracted to work: 7.4 hours per week
8734,Sam Rowlands,Welsh Conservative,12. Record of the employment of family members,12,Name: Tobias Millar,Capacity in which employed: Constituency assistant (ceased on 12 September 2024)
8734,Sam Rowlands,Welsh Conservative,12. Record of the employment of family members,12,Family member of: Darren Millar MS,Date employment commenced: 27 May 2024
8734,Sam Rowlands,Welsh Conservative,12. Record of the employment of family members,12,Relationship to MS: Son,Hours contracted to work: 11.4 hours per week
6571,Jack Sargeant,Welsh Labour,1. Category 1: Directorships,1,Partner,"Camlas, public affairs company (ceased as of 6 May 2025)"
6571,Jack Sargeant,Welsh Labour,"2. Category 2: Remunerated employment, office, profession etc",2,Partner,Board Member of Taff Housing Association
6571,Jack Sargeant,Welsh Labour,"2. Category 2: Remunerated employment, office, profession etc",2,Partner,Self-employed Political Consultant
6571,Jack Sargeant,Welsh Labour,3. Category 3: Names of clients,3,None,None
6571,Jack Sargeant,Welsh Labour,"4. Category 4: Gifts, hospitality, material benefit or advantage",4,Member,Ticket to Wales v New Zealand on 30 October 2021 from Bute Energy
6571,Jack Sargeant,Welsh Labour,"4. Category 4: Gifts, hospitality, material benefit or advantage",4,Member,One ticket and hospitality to Wales v Ukraine on 5 June 2022 from the Football Association of Wales
6571,Jack Sargeant,Welsh Labour,"4. Category 4: Gifts, hospitality, material benefit or advantage",4,Member,Two tickets plus hospitality to Royal International Air Tattoo (RIAT) 2022 on 16 July 2022 from Airbus UK
6571,Jack Sargeant,Welsh Labour,"4. Category 4: Gifts, hospitality, material benefit or advantage",4,Member,Two tickets plus hospitality to Chester Races on Friday 14 July 2023 from Edwards Homes
6571,Jack Sargeant,Welsh Labour,"4. Category 4: Gifts, hospitality, material benefit or advantage",4,Member,One ticket plus hospitality to The Senior Open on Sunday 30 July 2023 from BHF Cymru.
6571,Jack Sargeant,Welsh Labour,"4. Category 4: Gifts, hospitality, material benefit or advantage",4,Member,Two tickets and hospitality to Cymru v Poland football match on 26 March 2024 from S4C.
6571,Jack Sargeant,Welsh Labour,5. Category 5: Remuneration or other material benefit,5,None,None
6571,Jack Sargeant,Welsh Labour,6. Category 6: Financial sponsorship,6,Member,Senedd election 2021 campaign expenses met by Alyn and Deeside constituency Labour Party and Connah’s Quay Branch Labour Party.
6571,Jack Sargeant,Welsh Labour,6. Category 6: Financial sponsorship,6,Member,"Sponsorship of Christmas eCard Competition in December 2024 from Toyota, Airbus, Chester Zoo, Edwards Homes"
6571,Jack Sargeant,Welsh Labour,7. Category 7: Overseas visits,7,Member,1 February 2024 – 14 February 2024 – The Falklands Islands - To meet the Falkland Islands Government and Legislative Assembly and to learn about the challenges and future of the islands. To promote the links between Wales and the Falkland Islands and to learn more about Wales's contribution to the history and culture of the islands. All costs covered by the Falkland Islands Government.
6571,Jack Sargeant,Welsh Labour,8. Category 8: Land and property,8,None,None
6571,Jack Sargeant,Welsh Labour,9. Category 9: Shareholdings,9,Partner,"Shares in Camlas, public affairs company (ceased as of 6 May 2025)"
6571,Jack Sargeant,Welsh Labour,10. Category 10:Membership/Chairmanship of bodies in receipt of Senedd funds,10,Member,Member - Unite the Union
6571,Jack Sargeant,Welsh Labour,10. Category 10:Membership/Chairmanship of bodies in receipt of Senedd funds,10,Member,Member - Community Union
6571,Jack Sargeant,Welsh Labour,10. Category 10:Membership/Chairmanship of bodies in receipt of Senedd funds,10,Member,Honorary Member - Royal Welsh Fusiliers - Shotton and Deeside
6571,Jack Sargeant,Welsh Labour,10. Category 10:Membership/Chairmanship of bodies in receipt of Senedd funds,10,Member,Club Ambassador - Connah’s Quay Nomads Football Club
6571,Jack Sargeant,Welsh Labour,10. Category 10:Membership/Chairmanship of bodies in receipt of Senedd funds,10,Member,Honorary Member - British Institute of Inn Keeping (BII)
6571,Jack Sargeant,Welsh Labour,10. Category 10:Membership/Chairmanship of bodies in receipt of Senedd funds,10,Member,Member of 5G EDC project consortium (ceased)
6571,Jack Sargeant,Welsh Labour,10. Category 10:Membership/Chairmanship of bodies in receipt of Senedd funds,10,Member,"Other memberships include Bangor University, Vodafone, Comtek, Sorrento Networks, Fibrespeed, Fotech Solutions and ITS (ceased)"
6571,Jack Sargeant,Welsh Labour,10. Category 10:Membership/Chairmanship of bodies in receipt of Senedd funds,10,Partner,Trustee of Citizens Advice Flintshire
6571,Jack Sargeant,Welsh Labour,11. Record of membership of societies,11,NA,None
6571,Jack Sargeant,Welsh Labour,12. Record of the employment of family members,12,Martin Gerald White,"Capacity in which employed: Part-time
Caseworker"
6571,Jack Sargeant,Welsh Labour,12. Record of the employment of family members,12,Family member of: Jack Sargeant MS,Date employment commenced: 2 March 2018
6571,Jack Sargeant,Welsh Labour,12. Record of the employment of family members,12,Relationship to MS: Uncle,Hours contracted to work: 22.2
267,Ken Skates,Welsh Labour,1. Category 1: Directorships,1,None,None
267,Ken Skates,Welsh Labour,"2. Category 2: Remunerated employment, office, profession etc",2,None,None
267,Ken Skates,Welsh Labour,3. Category 3: Names of clients,3,None,None
267,Ken Skates,Welsh Labour,"4. Category 4: Gifts, hospitality, material benefit or advantage",4,Member,Dinner on 27 May 2021 organised by Airbus UK.
267,Ken Skates,Welsh Labour,"4. Category 4: Gifts, hospitality, material benefit or advantage",4,Member,Ticket to Wales v South Africa on 6 November 2021 from Bute Energy
267,Ken Skates,Welsh Labour,5. Category 5: Remuneration or other material benefit,5,None,None
267,Ken Skates,Welsh Labour,6. Category 6: Financial sponsorship,6,Member,All expenses for 2021 Senedd election paid by Clwyd South CLP with contributions to CLP election support from Unite the union.
267,Ken Skates,Welsh Labour,7. Category 7: Overseas visits,7,None,None
267,Ken Skates,Welsh Labour,8. Category 8: Land and property,8,Member,Holiday home in France (occasional rental).
267,Ken Skates,Welsh Labour,9. Category 9: Shareholdings,9,None,None
267,Ken Skates,Welsh Labour,10. Category 10:Membership/Chairmanship of bodies in receipt of Senedd funds,10,Member,Member - Rhos Male Voice Choir
267,Ken Skates,Welsh Labour,10. Category 10:Membership/Chairmanship of bodies in receipt of Senedd funds,10,Member,Vice President - Llangollen Eisteddfod
267,Ken Skates,Welsh Labour,10. Category 10:Membership/Chairmanship of bodies in receipt of Senedd funds,10,Member,"Member - The Stiwt, Rhos"
267,Ken Skates,Welsh Labour,10. Category 10:Membership/Chairmanship of bodies in receipt of Senedd funds,10,Member,Unite the Union
267,Ken Skates,Welsh Labour,10. Category 10:Membership/Chairmanship of bodies in receipt of Senedd funds,10,Member,Mold golf club
267,Ken Skates,Welsh Labour,10. Category 10:Membership/Chairmanship of bodies in receipt of Senedd funds,10,Member,Plas Madoc leisure centre
267,Ken Skates,Welsh Labour,11. Record of membership of societies,11,NA,None
267,Ken Skates,Welsh Labour,12. Record of the employment of family members,12,None,None
5143,Carolyn Thomas,Welsh Labour,1. Category 1: Directorships,1,None,None
5143,Carolyn Thomas,Welsh Labour,"2. Category 2: Remunerated employment, office, profession etc",2,Member,County Councillor for the Treuddyn ward until 2022 election - Flintshire County Borough Council (SO 4.3 - Band 2 - Between 5 and 20 hours per week) (Ceased May 2022)
5143,Carolyn Thomas,Welsh Labour,"2. Category 2: Remunerated employment, office, profession etc",2,Spouse,Semi skilled aircraft fitter (SO 4.3 – Band 3: More than 20 hours per week)
5143,Carolyn Thomas,Welsh Labour,3. Category 3: Names of clients,3,None,None
5143,Carolyn Thomas,Welsh Labour,"4. Category 4: Gifts, hospitality, material benefit or advantage",4,Member,Two tickets and hospitality for Wales v Australia on 20 November 2021 from S4C attended by Member and son
5143,Carolyn Thomas,Welsh Labour,"4. Category 4: Gifts, hospitality, material benefit or advantage",4,Member,One ticket and hospitality to Wales v Ukraine on 5 June 2022 from Football Association of Wales
5143,Carolyn Thomas,Welsh Labour,5. Category 5: Remuneration or other material benefit,5,None,None
5143,Carolyn Thomas,Welsh Labour,6. Category 6: Financial sponsorship,6,Candidate,All election expenses met by the Welsh Labour party.
5143,Carolyn Thomas,Welsh Labour,7. Category 7: Overseas visits,7,None,None
5143,Carolyn Thomas,Welsh Labour,8. Category 8: Land and property,8,None,None
5143,Carolyn Thomas,Welsh Labour,9. Category 9: Shareholdings,9,None,None
5143,Carolyn Thomas,Welsh Labour,10. Category 10:Membership/Chairmanship of bodies in receipt of Senedd funds,10,Member,Member - Treuddyn Communitiy Association (ceased)
5143,Carolyn Thomas,Welsh Labour,10. Category 10:Membership/Chairmanship of bodies in receipt of Senedd funds,10,Member,Secretary - Treuddyn Village Hall (ceased)
5143,Carolyn Thomas,Welsh Labour,10. Category 10:Membership/Chairmanship of bodies in receipt of Senedd funds,10,Member,Patron of John Summers building - Enbarr Foundation CIC (ceased)
5143,Carolyn Thomas,Welsh Labour,10. Category 10:Membership/Chairmanship of bodies in receipt of Senedd funds,10,Member,Patron - Your Space Marches
5143,Carolyn Thomas,Welsh Labour,11. Record of membership of societies,11,NA,Unite the union
5143,Carolyn Thomas,Welsh Labour,11. Record of membership of societies,11,NA,Co-operative Party
5143,Carolyn Thomas,Welsh Labour,11. Record of membership of societies,11,NA,Welsh Labour Grassroots
5143,Carolyn Thomas,Welsh Labour,11. Record of membership of societies,11,NA,Hafan Deg Committee (ceased)
5143,Carolyn Thomas,Welsh Labour,11. Record of membership of societies,11,NA,St Mary’s Church Treuddyn PCC
5143,Carolyn Thomas,Welsh Labour,11. Record of membership of societies,11,NA,Treuddyn Community Council (ceased May 2022)
5143,Carolyn Thomas,Welsh Labour,11. Record of membership of societies,11,NA,Trustee - Treuddyn Village Hall (ceased)
5143,Carolyn Thomas,Welsh Labour,11. Record of membership of societies,11,NA,Secretary - Treuddyn Community Association (ceased)
5143,Carolyn Thomas,Welsh Labour,11. Record of membership of societies,11,NA,Member - Theatr Clwyd
5143,Carolyn Thomas,Welsh Labour,11. Record of membership of societies,11,NA,Member - North Wales Wildlife Trust
5143,Carolyn Thomas,Welsh Labour,11. Record of membership of societies,11,NA,Member - National Trust
5143,Carolyn Thomas,Welsh Labour,12. Record of the employment of family members,12,None,None
4978,Lee Waters,Welsh Labour,1. Category 1: Directorships,1,None,None
4978,Lee Waters,Welsh Labour,"2. Category 2: Remunerated employment, office, profession etc",2,Spouse,"Head of Communications, Engagement and Involvement, Health and Care Research Wales"
4978,Lee Waters,Welsh Labour,"2. Category 2: Remunerated employment, office, profession etc",2,Member,"Received a payment of £250 for speaking at the Transport Times conference on 23 May 2024, donated to Ty Enfys Family Centre."
4978,Lee Waters,Welsh Labour,"2. Category 2: Remunerated employment, office, profession etc",2,Member,"Received a payment of £250 for speaking at Grasshopper's Creating Conversations event on 30 September 2024, donated to Ty Golau Dementia Charitable Trust."
4978,Lee Waters,Welsh Labour,"2. Category 2: Remunerated employment, office, profession etc",2,Member,"Completed a survey on developing renewable energy projects across the UK in his role as a Member of the Senedd on 21 March 2025 for Copper Consultancy. Member was paid £100, which was paid directly to Llanelli Mind."
4978,Lee Waters,Welsh Labour,3. Category 3: Names of clients,3,None,None
4978,Lee Waters,Welsh Labour,"4. Category 4: Gifts, hospitality, material benefit or advantage",4,Member,One ticket and hospitality to Scarlets v Bristol Bears on 22 January 2022 from Scarlets.
4978,Lee Waters,Welsh Labour,5. Category 5: Remuneration or other material benefit,5,None,None
4978,Lee Waters,Welsh Labour,6. Category 6: Financial sponsorship,6,Member,USDAW (Trade Union) donated £4000 to Llanelli CLP for the 2021 Senedd election
4978,Lee Waters,Welsh Labour,6. Category 6: Financial sponsorship,6,Member,Sponsorship of Christmas card competition 2022 (£501) by George and Liz Parker
4978,Lee Waters,Welsh Labour,7. Category 7: Overseas visits,7,Member,"Received costs - and costs only - from the Australian Institute of Traffic Planning and Management (AITPM) for attendance at the AITPM conference in Perth and a speaking tour in August 2024. Total costs: $18,744.69 AUD"
4978,Lee Waters,Welsh Labour,8. Category 8: Land and property,8,None,None
4978,Lee Waters,Welsh Labour,9. Category 9: Shareholdings,9,None,None
4978,Lee Waters,Welsh Labour,10. Category 10:Membership/Chairmanship of bodies in receipt of Senedd funds,10,Member,Member - GMB (ceased)
4978,Lee Waters,Welsh Labour,11. Record of membership of societies,11,NA,None
4978,Lee Waters,Welsh Labour,12. Record of the employment of family members,12,None,None
182,Joyce Watson,Welsh Labour,1. Category 1: Directorships,1,None,None
182,Joyce Watson,Welsh Labour,"2. Category 2: Remunerated employment, office, profession etc",2,None,None
182,Joyce Watson,Welsh Labour,3. Category 3: Names of clients,3,None,None
182,Joyce Watson,Welsh Labour,"4. Category 4: Gifts, hospitality, material benefit or advantage",4,None,None
182,Joyce Watson,Welsh Labour,5. Category 5: Remuneration or other material benefit,5,None,None
182,Joyce Watson,Welsh Labour,6. Category 6: Financial sponsorship,6,Member,2021 Welsh Parliament election expenses met by the Labour Party.
182,Joyce Watson,Welsh Labour,7. Category 7: Overseas visits,7,None,None
182,Joyce Watson,Welsh Labour,8. Category 8: Land and property,8,None,None
182,Joyce Watson,Welsh Labour,9. Category 9: Shareholdings,9,None,None
182,Joyce Watson,Welsh Labour,10. Category 10:Membership/Chairmanship of bodies in receipt of Senedd funds,10,Member,Member - Saveasy Credit Union
182,Joyce Watson,Welsh Labour,10. Category 10:Membership/Chairmanship of bodies in receipt of Senedd funds,10,Member,Member - RSPB
182,Joyce Watson,Welsh Labour,10. Category 10:Membership/Chairmanship of bodies in receipt of Senedd funds,10,Member,Member - Barnados
182,Joyce Watson,Welsh Labour,10. Category 10:Membership/Chairmanship of bodies in receipt of Senedd funds,10,Member,Vice President - Heart of Wales Line Travellers’ Association
182,Joyce Watson,Welsh Labour,10. Category 10:Membership/Chairmanship of bodies in receipt of Senedd funds,10,Member,Member - Woodland Trust
182,Joyce Watson,Welsh Labour,10. Category 10:Membership/Chairmanship of bodies in receipt of Senedd funds,10,Member,Lifetime member - Centre for Alternative Technology
182,Joyce Watson,Welsh Labour,10. Category 10:Membership/Chairmanship of bodies in receipt of Senedd funds,10,Member,Member - Unite the Union
182,Joyce Watson,Welsh Labour,10. Category 10:Membership/Chairmanship of bodies in receipt of Senedd funds,10,Member,Member - Co-operative Party
182,Joyce Watson,Welsh Labour,10. Category 10:Membership/Chairmanship of bodies in receipt of Senedd funds,10,Member,Member - The Wildlife Trust of South & West Wales
182,Joyce Watson,Welsh Labour,10. Category 10:Membership/Chairmanship of bodies in receipt of Senedd funds,10,Member,Member - NSPCC
182,Joyce Watson,Welsh Labour,10. Category 10:Membership/Chairmanship of bodies in receipt of Senedd funds,10,Member,Member - Bevan Foundation
182,Joyce Watson,Welsh Labour,10. Category 10:Membership/Chairmanship of bodies in receipt of Senedd funds,10,Member,Subscriber - The New Statesman
182,Joyce Watson,Welsh Labour,10. Category 10:Membership/Chairmanship of bodies in receipt of Senedd funds,10,-,.
182,Joyce Watson,Welsh Labour,11. Record of membership of societies,11,NA,None
182,Joyce Watson,Welsh Labour,12. Record of the employment of family members,12,Name: Fiona Elizabeth Openshaw,Capacity in which employed: Researcher
182,Joyce Watson,Welsh Labour,12. Record of the employment of family members,12,Family Member of: Joyce Watson MS,Date employment commenced: 3 February 2015
182,Joyce Watson,Welsh Labour,12. Record of the employment of family members,12,Relationship to MS: Daughter,Hours contracted to work: 8 hours per week (from 7 January 2022) (previously 6 hours per week from September 2021 and 13 hours per week from May 2021).
518,Lindsay Whittle,Plaid Cymru,1. Category 1: Directorships,1,None,None
518,Lindsay Whittle,Plaid Cymru,"2. Category 2: Remunerated employment, office, profession etc",2,Partner,Legal assistant at Caerphilly County Borough Council
518,Lindsay Whittle,Plaid Cymru,3. Category 3: Names of clients,3,None,None
518,Lindsay Whittle,Plaid Cymru,"4. Category 4: Gifts, hospitality, material benefit or advantage",4,None,None
518,Lindsay Whittle,Plaid Cymru,5. Category 5: Remuneration or other material benefit,5,None,None
518,Lindsay Whittle,Plaid Cymru,6. Category 6: Financial sponsorship,6,Member,All election expenses met by Plaid Cymru
518,Lindsay Whittle,Plaid Cymru,7. Category 7: Overseas visits,7,None,None
518,Lindsay Whittle,Plaid Cymru,8. Category 8: Land and property,8,None,None
518,Lindsay Whittle,Plaid Cymru,9. Category 9: Shareholdings,9,None,None
518,Lindsay Whittle,Plaid Cymru,10. Category 10:Membership/Chairmanship of bodies in receipt of Senedd funds,10,Member,Chair of the Aber Valley Heritage Group
518,Lindsay Whittle,Plaid Cymru,10. Category 10:Membership/Chairmanship of bodies in receipt of Senedd funds,10,Member,Member of Cwm Ifor Primary School Governors
518,Lindsay Whittle,Plaid Cymru,11. Record of membership of societies,11,NA,None
518,Lindsay Whittle,Plaid Cymru,12. Record of the employment of family members,12,None,None
8695,Buffy Williams,Welsh Labour,1. Category 1: Directorships,1,None,None
8695,Buffy Williams,Welsh Labour,"2. Category 2: Remunerated employment, office, profession etc",2,Spouse,Owner of Valley Development (property development company)
8695,Buffy Williams,Welsh Labour,3. Category 3: Names of clients,3,None,None
8695,Buffy Williams,Welsh Labour,"4. Category 4: Gifts, hospitality, material benefit or advantage",4,None,None
8695,Buffy Williams,Welsh Labour,5. Category 5: Remuneration or other material benefit,5,None,None
8695,Buffy Williams,Welsh Labour,6. Category 6: Financial sponsorship,6,Member,2021 Senedd election expenses paid by Rhondda CLP with donations from GMB Union and UNISON.
8695,Buffy Williams,Welsh Labour,7. Category 7: Overseas visits,7,None,None
8695,Buffy Williams,Welsh Labour,8. Category 8: Land and property,8,Member and Spouse,"Residential rented properties in the Rhondda. My husband is a property developer and we can jointly own up to, but no more than three properties at any one time (excluding my own home). These properties are renovated and sold. I will update this document regularly to reflect the number of properties in our joint ownership."
8695,Buffy Williams,Welsh Labour,8. Category 8: Land and property,8,Member,Canolfan Pentre CIO Lease - I am the third signatory on a 25 year lease that began in 2016. The landlord of this building is Rhondda Cynon Taf County Borough Council. I receive no income from this charity.
8695,Buffy Williams,Welsh Labour,9. Category 9: Shareholdings,9,None,None
8695,Buffy Williams,Welsh Labour,10. Category 10:Membership/Chairmanship of bodies in receipt of Senedd funds,10,Member,Member - Rotary International
8695,Buffy Williams,Welsh Labour,10. Category 10:Membership/Chairmanship of bodies in receipt of Senedd funds,10,Member,Trustee - Mabon Trust
8695,Buffy Williams,Welsh Labour,10. Category 10:Membership/Chairmanship of bodies in receipt of Senedd funds,10,Member,Trustee - Canolfan Pentre
8695,Buffy Williams,Welsh Labour,10. Category 10:Membership/Chairmanship of bodies in receipt of Senedd funds,10,Member,Community Governor - Penrhys Primary School
8695,Buffy Williams,Welsh Labour,10. Category 10:Membership/Chairmanship of bodies in receipt of Senedd funds,10,Member,"Member - Rotary International, District 1150"
8695,Buffy Williams,Welsh Labour,10. Category 10:Membership/Chairmanship of bodies in receipt of Senedd funds,10,Member,Signatory on a National Lottery People and Places Grant awarded to Canolfan Pentre CIO in 2020. This grant will run for five years.
8695,Buffy Williams,Welsh Labour,10. Category 10:Membership/Chairmanship of bodies in receipt of Senedd funds,10,Member,Member - UNISON
8695,Buffy Williams,Welsh Labour,10. Category 10:Membership/Chairmanship of bodies in receipt of Senedd funds,10,Member,Member - GMB Union
8695,Buffy Williams,Welsh Labour,11. Record of membership of societies,11,NA,Trustee - Lean on Me in Honour of Jesse Owen (registered charity)
8695,Buffy Williams,Welsh Labour,12. Record of the employment of family members,12,None,None
8670,Sioned Williams,Plaid Cymru,1. Category 1: Directorships,1,None,None
8670,Sioned Williams,Plaid Cymru,"2. Category 2: Remunerated employment, office, profession etc",2,Spouse,"University Lecturer, Swansea University (in receipt of sponsorship from the Higher Education Council for Wales)"
8670,Sioned Williams,Plaid Cymru,"2. Category 2: Remunerated employment, office, profession etc",2,Spouse,External Examiner (in receipt of sponsorship from the Higher Education Council for Wales)
8670,Sioned Williams,Plaid Cymru,"2. Category 2: Remunerated employment, office, profession etc",2,Spouse,"Commentator on cultural issues, various broadcasting companies"
8670,Sioned Williams,Plaid Cymru,"2. Category 2: Remunerated employment, office, profession etc",2,Spouse,"Commentator on cultural issues, various journals (in receipt of sponsorship through the Books Council)"
8670,Sioned Williams,Plaid Cymru,"2. Category 2: Remunerated employment, office, profession etc",2,Spouse,"Author, University of Wales Press"
8670,Sioned Williams,Plaid Cymru,"2. Category 2: Remunerated employment, office, profession etc",2,Spouse,Musician (sponsored by the Arts Council)
8670,Sioned Williams,Plaid Cymru,"2. Category 2: Remunerated employment, office, profession etc",2,Member,Completed survey for Ipsos Mori. Donated all of the money paid (£90) directly to the account of the Plaid Cymru Neath branch.
8670,Sioned Williams,Plaid Cymru,"2. Category 2: Remunerated employment, office, profession etc",2,Member,"Completed Britain Thinks survey on higher education. The £50 fee was donated to charity,"
8670,Sioned Williams,Plaid Cymru,"2. Category 2: Remunerated employment, office, profession etc",2,Member,"Completed Savanta survey on the Member's work as an MS on 23 March 2023, giving all the money (£100) to Neath Plaid Cymru."
8670,Sioned Williams,Plaid Cymru,"2. Category 2: Remunerated employment, office, profession etc",2,Member,"Completed survey on the Financial Services Authority in her role as a Member of the Senedd on 31 May 2023 for Britain Thinks -  Member was paid £50, which was paid directly to a charity of the Member's choice, namely Friends of Pontardawe Arts Centre."
8670,Sioned Williams,Plaid Cymru,"2. Category 2: Remunerated employment, office, profession etc",2,Member,"Completed IPSOS survey on Member's work as an MS on 8 December 2023, with payment made directly (£100) by IPSOS to Neath Plaid Cymru."
8670,Sioned Williams,Plaid Cymru,"2. Category 2: Remunerated employment, office, profession etc",2,Member,"Completed Savanta survey from Member's perspective as an MS on 11 December 2023, with payment (£50) made directly by Savanta to Neath Plaid Cymru."
8670,Sioned Williams,Plaid Cymru,"2. Category 2: Remunerated employment, office, profession etc",2,Member,Received a payment of £35 in March 2024 for writing an article for Cylchgrawn Barn on the future of Tata Steel Works in Port Talbot.
8670,Sioned Williams,Plaid Cymru,"2. Category 2: Remunerated employment, office, profession etc",2,Member,Completed a Savanta survey on 2 December 2024 regarding the Member's work. Whole payment (£75) paid directly by Savanta to Plaid Cymru Neath.
8670,Sioned Williams,Plaid Cymru,"2. Category 2: Remunerated employment, office, profession etc",2,Member,"Completed a Savanta survey, with payment (£75) made directly by Savanta to Plaid Cymru Brycheiniog and Cwm Tawe."
8670,Sioned Williams,Plaid Cymru,"2. Category 2: Remunerated employment, office, profession etc",2,Member,"Completed IPSOS survey on Member's work as an MS on 3 July 2025, with payment made directly (£125) by IPSOS to Neath Plaid Cymru."
8670,Sioned Williams,Plaid Cymru,"2. Category 2: Remunerated employment, office, profession etc",2,Member,"Completed the Renewable UK Questionnaire on Renewable Energy for Grasshopper on 28 July 2025, with payment made directly to a charity of the Member's choice (£100) by Grasshopper to Pantry Food Bank, Pontardawe."
8670,Sioned Williams,Plaid Cymru,"2. Category 2: Remunerated employment, office, profession etc",2,Member,"Completed Thinks Insight survey on performance of the FCA on 31 July 2025, with payment made directly to a charity of the Member's choice (£50) by Thinks Insight to Pantry Food Bank, Pontardawe."
8670,Sioned Williams,Plaid Cymru,"2. Category 2: Remunerated employment, office, profession etc",2,Member,Completed a Savanta survey on the democratic process on 7 November 2025 with payment (£75) made directly by Savanta to Plaid Cymru Aberhonddu.
8670,Sioned Williams,Plaid Cymru,"2. Category 2: Remunerated employment, office, profession etc",2,Member,"Completed a Savanta survey of GWR company services on 5 January 2026 with a payment (£50) made directly by Savanta to Plaid Cymru Brecon, Radnor and Cwm Tawe."
8670,Sioned Williams,Plaid Cymru,"2. Category 2: Remunerated employment, office, profession etc",2,Member,"Completed the Warm Wales Questionnaire for Grasshopper on 8 January 2026, with payment made directly to a charity of the Member's choice (£50) by Grasshopper to Pantry Food Bank, Pontardawe."
8670,Sioned Williams,Plaid Cymru,3. Category 3: Names of clients,3,None,None
8670,Sioned Williams,Plaid Cymru,"4. Category 4: Gifts, hospitality, material benefit or advantage",4,Member,Ticket and hospitality for the Wales v Scotland rugby match on 12 February 2022 from ITV Wales.
8670,Sioned Williams,Plaid Cymru,"4. Category 4: Gifts, hospitality, material benefit or advantage",4,Member and spouse,Hospitality (food and drink) and two tickets for the Women's Six Nations Wales v Ireland rugby match on 25 March 2023 from the Welsh Rugby Union.
8670,Sioned Williams,Plaid Cymru,"4. Category 4: Gifts, hospitality, material benefit or advantage",4,Member,Two tickets and hospitality (meal and drinks) for the Member and her 17-year-old son for the Cardiff v. Osprey Judgement Day rugby match at the Principality Stadium on 22 April 2023 from BT.
8670,Sioned Williams,Plaid Cymru,5. Category 5: Remuneration or other material benefit,5,None,None
8670,Sioned Williams,Plaid Cymru,6. Category 6: Financial sponsorship,6,Candidate,All 2021 election costs paid by Plaid Cymru
8670,Sioned Williams,Plaid Cymru,7. Category 7: Overseas visits,7,None,None
8670,Sioned Williams,Plaid Cymru,8. Category 8: Land and property,8,Member,Part-ownership of the Member's mother's home in Caerphilly CBC with the Member's sister. Her mother lives in the house and the Member does not derive any financial benefit from this.
8670,Sioned Williams,Plaid Cymru,9. Category 9: Shareholdings,9,Member,"Shares in Awel Co-op and Egni Co-op, renewable energy companies"
8670,Sioned Williams,Plaid Cymru,10. Category 10:Membership/Chairmanship of bodies in receipt of Senedd funds,10,Member,Deacon– Soar Church Pontardawe
8670,Sioned Williams,Plaid Cymru,10. Category 10:Membership/Chairmanship of bodies in receipt of Senedd funds,10,Member,Member - Neath Port Talbot Menter Iaith (ceased)
8670,Sioned Williams,Plaid Cymru,10. Category 10:Membership/Chairmanship of bodies in receipt of Senedd funds,10,Member,Member - Saunders Lewis Trust
8670,Sioned Williams,Plaid Cymru,10. Category 10:Membership/Chairmanship of bodies in receipt of Senedd funds,10,Member,Member - Friends of Pontardawe Arts Centre
8670,Sioned Williams,Plaid Cymru,10. Category 10:Membership/Chairmanship of bodies in receipt of Senedd funds,10,Member,Member - Papur Bro Llais Editiorial Board
8670,Sioned Williams,Plaid Cymru,10. Category 10:Membership/Chairmanship of bodies in receipt of Senedd funds,10,Spouse,Chair - English-medium grants panel for the Welsh Books Council (ceased)
8670,Sioned Williams,Plaid Cymru,10. Category 10:Membership/Chairmanship of bodies in receipt of Senedd funds,10,Spouse,Town councillor – Pontardawe Town Council (ceased in May 2022)
8670,Sioned Williams,Plaid Cymru,10. Category 10:Membership/Chairmanship of bodies in receipt of Senedd funds,10,Spouse,Fellow - The Welsh Academy
8670,Sioned Williams,Plaid Cymru,10. Category 10:Membership/Chairmanship of bodies in receipt of Senedd funds,10,Member,Member - Celtic Credit Union
8670,Sioned Williams,Plaid Cymru,10. Category 10:Membership/Chairmanship of bodies in receipt of Senedd funds,10,Member,Subscriber - Bevan Foundation
8670,Sioned Williams,Plaid Cymru,10. Category 10:Membership/Chairmanship of bodies in receipt of Senedd funds,10,Member,"Trustee - Pantry Food Bank, Pontardawe"
8670,Sioned Williams,Plaid Cymru,11. Record of membership of societies,11,NA,The Learned Society of Wales
8670,Sioned Williams,Plaid Cymru,11. Record of membership of societies,11,NA,Member - CND
8670,Sioned Williams,Plaid Cymru,12. Record of the employment of family members,12,Name: Angela Owen Griffiths,Capacity in which employed: Senior Parliamentary and Media Officer
8670,Sioned Williams,Plaid Cymru,12. Record of the employment of family members,12,Family Member of: Peredur Owen Griffiths,Date employment commenced: 6 November 2023
8670,Sioned Williams,Plaid Cymru,12. Record of the employment of family members,12,Relationship to the MS: Spouse,Contracted hours: 37
